FECHA_CONEXION,AREA,NOMBRE_ZONA,COMUNA,MODEL,NUMERO_CONEXIONES,USAGE_KB,PORCENTAJE_USO,DIA_SEMANA,LABORAL,FIN_DE_SEMANA,FESTIVO
2024-01-01,URBANA,043_ZW Polideportivo Ricardo Balcazar,13.0,MR76,33.0,6394.0,"0,70%",0,0,0,1
2024-01-02,URBANA,043_ZW Polideportivo Ricardo Balcazar,13.0,MR76,26.0,4071.0,"0,50%",1,1,0,0
2024-01-03,URBANA,043_ZW Polideportivo Ricardo Balcazar,13.0,MR76,24.0,2483.0,"0,20%",2,1,0,0
2024-01-04,URBANA,043_ZW Polideportivo Ricardo Balcazar,13.0,MR76,26.0,3370.0,"0,30%",3,1,0,0
2024-01-05,URBANA,043_ZW Polideportivo Ricardo Balcazar,13.0,MR76,25.0,11949.0,"1,10%",4,1,0,0
2024-01-06,URBANA,043_ZW Polideportivo Ricardo Balcazar,13.0,MR76,41.0,3739.0,"0,50%",5,0,1,0
2024-01-07,URBANA,043_ZW Polideportivo Ricardo Balcazar,13.0,MR76,32.0,43748.0,"4,40%",6,0,1,0
2024-01-08,URBANA,043_ZW Polideportivo Ricardo Balcazar,13.0,MR76,42.0,16135.0,"1,00%",0,0,0,1
2024-01-09,URBANA,043_ZW Polideportivo Ricardo Balcazar,13.0,MR76,47.0,19741.0,"1,50%",1,1,0,0
2024-01-10,URBANA,043_ZW Polideportivo Ricardo Balcazar,13.0,MR76,40.0,9354.0,"0,80%",2,1,0,0
2024-01-11,URBANA,043_ZW Polideportivo Ricardo Balcazar,13.0,MR76,28.0,4025.0,"0,40%",3,1,0,0
2024-01-12,URBANA,043_ZW Polideportivo Ricardo Balcazar,13.0,MR76,44.0,5017.0,"0,40%",4,1,0,0
2024-01-13,URBANA,043_ZW Polideportivo Ricardo Balcazar,13.0,MR76,39.0,16599.0,"1,80%",5,0,1,0
2024-01-14,URBANA,043_ZW Polideportivo Ricardo Balcazar,13.0,MR76,31.0,5715.0,"0,70%",6,0,1,0
2024-01-15,URBANA,043_ZW Polideportivo Ricardo Balcazar,13.0,MR76,31.0,3164.0,"0,50%",0,1,0,0
2024-01-16,URBANA,043_ZW Polideportivo Ricardo Balcazar,13.0,MR76,32.0,3590.0,"0,40%",1,1,0,0
2024-01-17,URBANA,043_ZW Polideportivo Ricardo Balcazar,13.0,MR76,28.0,2508.0,"0,30%",2,1,0,0
2024-01-18,URBANA,043_ZW Polideportivo Ricardo Balcazar,13.0,MR76,33.0,13144.0,"1,10%",3,1,0,0
2024-01-19,URBANA,043_ZW Polideportivo Ricardo Balcazar,13.0,MR76,36.0,6341.0,"0,40%",4,1,0,0
2024-01-20,URBANA,043_ZW Polideportivo Ricardo Balcazar,13.0,MR76,43.0,11642.0,"0,90%",5,0,1,0
2024-01-21,URBANA,043_ZW Polideportivo Ricardo Balcazar,13.0,MR76,39.0,12789.0,"1,00%",6,0,1,0
2024-01-22,URBANA,043_ZW Polideportivo Ricardo Balcazar,13.0,MR76,47.0,16125.0,"1,50%",0,1,0,0
2024-01-23,URBANA,043_ZW Polideportivo Ricardo Balcazar,13.0,MR76,39.0,16363.0,"1,50%",1,1,0,0
2024-01-24,URBANA,043_ZW Polideportivo Ricardo Balcazar,13.0,MR76,31.0,9066.0,"0,70%",2,1,0,0
2024-01-25,URBANA,043_ZW Polideportivo Ricardo Balcazar,13.0,MR76,41.0,19279.0,"1,30%",3,1,0,0
2024-01-26,URBANA,043_ZW Polideportivo Ricardo Balcazar,13.0,MR76,37.0,12926.0,"0,90%",4,1,0,0
2024-01-27,URBANA,043_ZW Polideportivo Ricardo Balcazar,13.0,MR76,34.0,6834.0,"0,60%",5,0,1,0
2024-01-28,URBANA,043_ZW Polideportivo Ricardo Balcazar,13.0,MR76,32.0,5661.0,"0,60%",6,0,1,0
2024-01-29,URBANA,043_ZW Polideportivo Ricardo Balcazar,13.0,MR76,35.0,21634.0,"1,90%",0,1,0,0
2024-01-30,URBANA,043_ZW Polideportivo Ricardo Balcazar,13.0,MR76,36.0,12158.0,"1,30%",1,1,0,0
2024-01-31,URBANA,043_ZW Polideportivo Ricardo Balcazar,13.0,MR76,37.0,76940.0,"7,40%",2,1,0,0
2024-02-01,URBANA,043_ZW Polideportivo Ricardo Balcazar,13.0,MR76,48.0,17182.0,"1,20%",3,1,0,0
2024-02-02,URBANA,043_ZW Polideportivo Ricardo Balcazar,13.0,MR76,21.0,2078.0,"0,20%",4,1,0,0
2024-02-03,URBANA,043_ZW Polideportivo Ricardo Balcazar,13.0,MR76,26.0,450966.0,"25,40%",5,0,1,0
2024-02-04,URBANA,043_ZW Polideportivo Ricardo Balcazar,13.0,MR76,33.0,326098.0,"20,40%",6,0,1,0
2024-02-05,URBANA,043_ZW Polideportivo Ricardo Balcazar,13.0,MR76,26.0,629772.0,"41,80%",0,1,0,0
2024-02-06,URBANA,043_ZW Polideportivo Ricardo Balcazar,13.0,MR76,31.0,441922.0,"29,60%",1,1,0,0
2024-02-07,URBANA,043_ZW Polideportivo Ricardo Balcazar,13.0,MR76,32.0,1173805.0,"71,10%",2,1,0,0
2024-02-08,URBANA,043_ZW Polideportivo Ricardo Balcazar,13.0,MR76,41.0,13650569.0,"1004,60%",3,1,0,0
2024-02-09,URBANA,043_ZW Polideportivo Ricardo Balcazar,13.0,MR76,35.0,532285.0,"44,20%",4,1,0,0
2024-02-10,URBANA,043_ZW Polideportivo Ricardo Balcazar,13.0,MR76,49.0,144727.0,"9,10%",5,0,1,0
2024-02-11,URBANA,043_ZW Polideportivo Ricardo Balcazar,13.0,MR76,34.0,3736.0,"0,30%",6,0,1,0
2024-02-12,URBANA,043_ZW Polideportivo Ricardo Balcazar,13.0,MR76,31.0,5383.0,"0,50%",0,1,0,0
2024-02-13,URBANA,043_ZW Polideportivo Ricardo Balcazar,13.0,MR76,43.0,17363.0,"2,00%",1,1,0,0
2024-02-14,URBANA,043_ZW Polideportivo Ricardo Balcazar,13.0,MR76,36.0,48766.0,"6,50%",2,1,0,0
2024-02-15,URBANA,043_ZW Polideportivo Ricardo Balcazar,13.0,MR76,41.0,15941.0,"1,40%",3,1,0,0
2024-02-16,URBANA,043_ZW Polideportivo Ricardo Balcazar,13.0,MR76,36.0,6997.0,"0,70%",4,1,0,0
2024-02-17,URBANA,043_ZW Polideportivo Ricardo Balcazar,13.0,MR76,40.0,5774.0,"0,50%",5,0,1,0
2024-02-18,URBANA,043_ZW Polideportivo Ricardo Balcazar,13.0,MR76,27.0,8558.0,"0,70%",6,0,1,0
2024-02-19,URBANA,043_ZW Polideportivo Ricardo Balcazar,13.0,MR76,30.0,4105.0,"0,30%",0,1,0,0
2024-02-20,URBANA,043_ZW Polideportivo Ricardo Balcazar,13.0,MR76,34.0,8330.0,"0,70%",1,1,0,0
2024-02-21,URBANA,043_ZW Polideportivo Ricardo Balcazar,13.0,MR76,39.0,13341.0,"1,20%",2,1,0,0
2024-02-22,URBANA,043_ZW Polideportivo Ricardo Balcazar,13.0,MR76,44.0,21695.0,"1,40%",3,1,0,0
2024-02-23,URBANA,043_ZW Polideportivo Ricardo Balcazar,13.0,MR76,32.0,918455.0,"64,60%",4,1,0,0
2024-02-24,URBANA,043_ZW Polideportivo Ricardo Balcazar,13.0,MR76,,,,5,0,1,0
2024-02-25,URBANA,043_ZW Polideportivo Ricardo Balcazar,13.0,MR76,36.0,3432446.0,"195,40%",6,0,1,0
2024-02-26,URBANA,043_ZW Polideportivo Ricardo Balcazar,13.0,MR76,37.0,1055760.0,"94,80%",0,1,0,0
2024-02-27,URBANA,043_ZW Polideportivo Ricardo Balcazar,13.0,MR76,,,,1,1,0,0
2024-02-28,URBANA,043_ZW Polideportivo Ricardo Balcazar,13.0,MR76,,,,2,1,0,0
2024-02-29,URBANA,043_ZW Polideportivo Ricardo Balcazar,13.0,MR76,,,,3,1,0,0
2024-03-01,URBANA,043_ZW Polideportivo Ricardo Balcazar,13.0,MR76,,,,4,1,0,0
2024-03-02,URBANA,043_ZW Polideportivo Ricardo Balcazar,13.0,MR76,,,,5,0,1,0
2024-03-03,URBANA,043_ZW Polideportivo Ricardo Balcazar,13.0,MR76,37.0,2055804.0,"147,50%",6,0,1,0
2024-03-04,URBANA,043_ZW Polideportivo Ricardo Balcazar,13.0,MR76,46.0,1896154.0,"133,40%",0,1,0,0
2024-03-05,URBANA,043_ZW Polideportivo Ricardo Balcazar,13.0,MR76,47.0,2981386.0,"216,30%",1,1,0,0
2024-03-06,URBANA,043_ZW Polideportivo Ricardo Balcazar,13.0,MR76,43.0,3098813.0,"256,10%",2,1,0,0
2024-03-07,URBANA,043_ZW Polideportivo Ricardo Balcazar,13.0,MR76,67.0,100154.0,"9,40%",3,1,0,0
2024-03-08,URBANA,043_ZW Polideportivo Ricardo Balcazar,13.0,MR76,51.0,13013.0,"1,20%",4,1,0,0
2024-03-09,URBANA,043_ZW Polideportivo Ricardo Balcazar,13.0,MR76,46.0,6053.0,"0,60%",5,0,1,0
2024-03-10,URBANA,043_ZW Polideportivo Ricardo Balcazar,13.0,MR76,37.0,5038.0,"0,50%",6,0,1,0
2024-03-11,URBANA,043_ZW Polideportivo Ricardo Balcazar,13.0,MR76,52.0,19167.0,"2,00%",0,1,0,0
2024-03-12,URBANA,043_ZW Polideportivo Ricardo Balcazar,13.0,MR76,46.0,1126733.0,"127,80%",1,1,0,0
2024-03-13,URBANA,043_ZW Polideportivo Ricardo Balcazar,13.0,MR76,34.0,8230.0,"1,10%",2,1,0,0
2024-03-14,URBANA,043_ZW Polideportivo Ricardo Balcazar,13.0,MR76,51.0,28567.0,"2,90%",3,1,0,0
2024-03-15,URBANA,043_ZW Polideportivo Ricardo Balcazar,13.0,MR76,46.0,13122.0,"1,00%",4,1,0,0
2024-03-16,URBANA,043_ZW Polideportivo Ricardo Balcazar,13.0,MR76,49.0,3988.0,"0,40%",5,0,1,0
2024-03-17,URBANA,043_ZW Polideportivo Ricardo Balcazar,13.0,MR76,36.0,13902.0,"1,10%",6,0,1,0
2024-03-18,URBANA,043_ZW Polideportivo Ricardo Balcazar,13.0,MR76,41.0,6096.0,"0,50%",0,1,0,0
2024-03-19,URBANA,043_ZW Polideportivo Ricardo Balcazar,13.0,MR76,46.0,4065.0,"0,50%",1,1,0,0
2024-03-20,URBANA,043_ZW Polideportivo Ricardo Balcazar,13.0,MR76,39.0,4758.0,"0,70%",2,1,0,0
2024-03-21,URBANA,043_ZW Polideportivo Ricardo Balcazar,13.0,MR76,39.0,294731.0,"33,80%",3,1,0,0
2024-03-22,URBANA,043_ZW Polideportivo Ricardo Balcazar,13.0,MR76,40.0,781577.0,"80,10%",4,1,0,0
2024-03-23,URBANA,043_ZW Polideportivo Ricardo Balcazar,13.0,MR76,37.0,837888.0,"107,40%",5,0,1,0
2024-03-24,URBANA,043_ZW Polideportivo Ricardo Balcazar,13.0,MR76,41.0,13375.0,"1,50%",6,0,1,0
2024-03-25,URBANA,043_ZW Polideportivo Ricardo Balcazar,13.0,MR76,34.0,4305.0,"0,60%",0,0,0,1
2024-03-26,URBANA,043_ZW Polideportivo Ricardo Balcazar,13.0,MR76,42.0,1394166.0,"179,00%",1,1,0,0
2024-03-27,URBANA,043_ZW Polideportivo Ricardo Balcazar,13.0,MR76,36.0,1812276.0,"224,40%",2,1,0,0
2024-03-28,URBANA,043_ZW Polideportivo Ricardo Balcazar,13.0,MR76,39.0,275899.0,"43,20%",3,0,0,1
2024-03-29,URBANA,043_ZW Polideportivo Ricardo Balcazar,13.0,MR76,39.0,5611.0,"0,60%",4,0,0,1
2024-03-30,URBANA,043_ZW Polideportivo Ricardo Balcazar,13.0,MR76,46.0,11131.0,"1,80%",5,0,1,0
2024-03-31,URBANA,043_ZW Polideportivo Ricardo Balcazar,13.0,MR76,26.0,1705.0,"0,20%",6,0,1,0
2024-04-01,URBANA,043_ZW Polideportivo Ricardo Balcazar,13.0,MR76,35.0,5749.0,"0,50%",0,1,0,0
2024-04-02,URBANA,043_ZW Polideportivo Ricardo Balcazar,13.0,MR76,31.0,2132.0,"0,30%",1,1,0,0
2024-04-03,URBANA,043_ZW Polideportivo Ricardo Balcazar,13.0,MR76,36.0,9325.0,"1,00%",2,1,0,0
2024-04-04,URBANA,043_ZW Polideportivo Ricardo Balcazar,13.0,MR76,42.0,6866.0,"0,60%",3,1,0,0
2024-04-05,URBANA,043_ZW Polideportivo Ricardo Balcazar,13.0,MR76,40.0,837555.0,"74,50%",4,1,0,0
2024-04-06,URBANA,043_ZW Polideportivo Ricardo Balcazar,13.0,MR76,39.0,910664.0,"75,70%",5,0,1,0
2024-04-07,URBANA,043_ZW Polideportivo Ricardo Balcazar,13.0,MR76,38.0,1978520.0,"165,40%",6,0,1,0
2024-04-08,URBANA,043_ZW Polideportivo Ricardo Balcazar,13.0,MR76,40.0,611338.0,"86,40%",0,1,0,0
2024-04-09,URBANA,043_ZW Polideportivo Ricardo Balcazar,13.0,MR76,39.0,611568.0,"79,90%",1,1,0,0
2024-04-10,URBANA,043_ZW Polideportivo Ricardo Balcazar,13.0,MR76,49.0,253612.0,"59,70%",2,1,0,0
2024-04-11,URBANA,043_ZW Polideportivo Ricardo Balcazar,13.0,MR76,44.0,27453.0,"6,20%",3,1,0,0
2024-04-12,URBANA,043_ZW Polideportivo Ricardo Balcazar,13.0,MR76,32.0,613975.0,"90,40%",4,1,0,0
2024-04-13,URBANA,043_ZW Polideportivo Ricardo Balcazar,13.0,MR76,52.0,1595646.0,"187,50%",5,0,1,0
2024-04-14,URBANA,043_ZW Polideportivo Ricardo Balcazar,13.0,MR76,39.0,2970957.0,"430,80%",6,0,1,0
2024-04-15,URBANA,043_ZW Polideportivo Ricardo Balcazar,13.0,MR76,43.0,12905.0,"3,20%",0,1,0,0
2024-04-16,URBANA,043_ZW Polideportivo Ricardo Balcazar,13.0,MR76,50.0,7979.0,"1,90%",1,1,0,0
2024-04-17,URBANA,043_ZW Polideportivo Ricardo Balcazar,13.0,MR76,49.0,8518.0,"2,30%",2,1,0,0
2024-04-18,URBANA,043_ZW Polideportivo Ricardo Balcazar,13.0,MR76,37.0,7711.0,"2,60%",3,1,0,0
2024-04-19,URBANA,043_ZW Polideportivo Ricardo Balcazar,13.0,MR76,29.0,3323.0,"0,80%",4,1,0,0
2024-04-20,URBANA,043_ZW Polideportivo Ricardo Balcazar,13.0,MR76,43.0,16533.0,"2,10%",5,0,1,0
2024-04-21,URBANA,043_ZW Polideportivo Ricardo Balcazar,13.0,MR76,37.0,6605.0,"1,10%",6,0,1,0
2024-04-22,URBANA,043_ZW Polideportivo Ricardo Balcazar,13.0,MR76,28.0,3462.0,"0,70%",0,1,0,0
2024-04-23,URBANA,043_ZW Polideportivo Ricardo Balcazar,13.0,MR76,36.0,874973.0,"47,70%",1,1,0,0
2024-04-24,URBANA,043_ZW Polideportivo Ricardo Balcazar,13.0,MR76,36.0,1812474.0,"98,70%",2,1,0,0
2024-04-25,URBANA,043_ZW Polideportivo Ricardo Balcazar,13.0,MR76,41.0,8970.0,"0,80%",3,1,0,0
2024-04-26,URBANA,043_ZW Polideportivo Ricardo Balcazar,13.0,MR76,29.0,2586.0,"0,30%",4,1,0,0
2024-04-27,URBANA,043_ZW Polideportivo Ricardo Balcazar,13.0,MR76,29.0,6460.0,"0,50%",5,0,1,0
2024-04-28,URBANA,043_ZW Polideportivo Ricardo Balcazar,13.0,MR76,21.0,3555.0,"0,50%",6,0,1,0
2024-04-29,URBANA,043_ZW Polideportivo Ricardo Balcazar,13.0,MR76,41.0,15013.0,"1,90%",0,1,0,0
2024-04-30,URBANA,043_ZW Polideportivo Ricardo Balcazar,13.0,MR76,40.0,20627.0,"3,30%",1,1,0,0
2024-05-01,URBANA,043_ZW Polideportivo Ricardo Balcazar,13.0,MR76,33.0,9491.0,"1,80%",2,0,0,1
2024-05-02,URBANA,043_ZW Polideportivo Ricardo Balcazar,13.0,MR76,49.0,24363.0,"4,80%",3,1,0,0
2024-05-03,URBANA,043_ZW Polideportivo Ricardo Balcazar,13.0,MR76,27.0,6981.0,"1,50%",4,1,0,0
2024-05-04,URBANA,043_ZW Polideportivo Ricardo Balcazar,13.0,MR76,53.0,10514.0,"1,50%",5,0,1,0
2024-05-05,URBANA,043_ZW Polideportivo Ricardo Balcazar,13.0,MR76,35.0,9275.0,"1,50%",6,0,1,0
2024-05-06,URBANA,043_ZW Polideportivo Ricardo Balcazar,13.0,MR76,39.0,11755.0,"2,50%",0,1,0,0
2024-05-07,URBANA,043_ZW Polideportivo Ricardo Balcazar,13.0,MR76,41.0,274466.0,"45,30%",1,1,0,0
2024-05-08,URBANA,043_ZW Polideportivo Ricardo Balcazar,13.0,MR76,39.0,8732162.0,"1102,30%",2,1,0,0
2024-05-09,URBANA,043_ZW Polideportivo Ricardo Balcazar,13.0,MR76,33.0,3135091.0,"355,80%",3,1,0,0
2024-05-10,URBANA,043_ZW Polideportivo Ricardo Balcazar,13.0,MR76,34.0,3104575.0,"393,50%",4,1,0,0
2024-05-11,URBANA,043_ZW Polideportivo Ricardo Balcazar,13.0,MR76,58.0,546134.0,"73,30%",5,0,1,0
2024-05-12,URBANA,043_ZW Polideportivo Ricardo Balcazar,13.0,MR76,44.0,6497.0,"1,60%",6,0,1,0
2024-05-13,URBANA,043_ZW Polideportivo Ricardo Balcazar,13.0,MR76,32.0,9793.0,"1,80%",0,0,0,1
2024-05-14,URBANA,043_ZW Polideportivo Ricardo Balcazar,13.0,MR76,19.0,2718.0,"1,30%",1,1,0,0
2024-05-15,URBANA,043_ZW Polideportivo Ricardo Balcazar,13.0,MR76,39.0,4254.0,"0,70%",2,1,0,0
2024-05-16,URBANA,043_ZW Polideportivo Ricardo Balcazar,13.0,MR76,42.0,15544.0,"1,90%",3,1,0,0
2024-05-17,URBANA,043_ZW Polideportivo Ricardo Balcazar,13.0,MR76,39.0,11264.0,"1,10%",4,1,0,0
2024-05-18,URBANA,043_ZW Polideportivo Ricardo Balcazar,13.0,MR76,63.0,24495.0,"2,20%",5,0,1,0
2024-05-19,URBANA,043_ZW Polideportivo Ricardo Balcazar,13.0,MR76,41.0,2332754.0,"199,50%",6,0,1,0
2024-05-20,URBANA,043_ZW Polideportivo Ricardo Balcazar,13.0,MR76,25.0,1002488.0,"142,40%",0,1,0,0
2024-05-21,URBANA,043_ZW Polideportivo Ricardo Balcazar,13.0,MR76,40.0,2626719.0,"338,20%",1,1,0,0
2024-05-22,URBANA,043_ZW Polideportivo Ricardo Balcazar,13.0,MR76,43.0,2048763.0,"795,30%",2,1,0,0
2024-05-23,URBANA,043_ZW Polideportivo Ricardo Balcazar,13.0,MR76,42.0,14688.0,"2,80%",3,1,0,0
2024-05-24,URBANA,043_ZW Polideportivo Ricardo Balcazar,13.0,MR76,43.0,11461.0,"2,40%",4,1,0,0
2024-05-25,URBANA,043_ZW Polideportivo Ricardo Balcazar,13.0,MR76,54.0,13241.0,"1,90%",5,0,1,0
2024-05-26,URBANA,043_ZW Polideportivo Ricardo Balcazar,13.0,MR76,34.0,775492.0,"112,20%",6,0,1,0
2024-05-27,URBANA,043_ZW Polideportivo Ricardo Balcazar,13.0,MR76,34.0,2169581.0,"255,20%",0,1,0,0
2024-05-28,URBANA,043_ZW Polideportivo Ricardo Balcazar,13.0,MR76,30.0,2169395.0,"291,30%",1,1,0,0
2024-05-29,URBANA,043_ZW Polideportivo Ricardo Balcazar,13.0,MR76,19.0,123348.0,"24,70%",2,1,0,0
2024-05-30,URBANA,043_ZW Polideportivo Ricardo Balcazar,13.0,MR76,50.0,5906260.0,"493,60%",3,1,0,0
2024-05-31,URBANA,043_ZW Polideportivo Ricardo Balcazar,13.0,MR76,50.0,6734587.0,"724,30%",4,1,0,0
2024-06-01,URBANA,043_ZW Polideportivo Ricardo Balcazar,13.0,MR76,53.0,5039629.0,"503,40%",5,0,1,0
2024-06-02,URBANA,043_ZW Polideportivo Ricardo Balcazar,13.0,MR76,61.0,3071177.0,"313,30%",6,0,1,0
2024-06-03,URBANA,043_ZW Polideportivo Ricardo Balcazar,13.0,MR76,32.0,2448609.0,"353,50%",0,0,0,1
2024-06-04,URBANA,043_ZW Polideportivo Ricardo Balcazar,13.0,MR76,35.0,2374825.0,"522,40%",1,1,0,0
2024-06-05,URBANA,043_ZW Polideportivo Ricardo Balcazar,13.0,MR76,31.0,1685138.0,"590,00%",2,1,0,0
2024-06-06,URBANA,043_ZW Polideportivo Ricardo Balcazar,13.0,MR76,38.0,1971648.0,"323,00%",3,1,0,0
2024-06-07,URBANA,043_ZW Polideportivo Ricardo Balcazar,13.0,MR76,39.0,1091995.0,"227,10%",4,1,0,0
2024-06-08,URBANA,043_ZW Polideportivo Ricardo Balcazar,13.0,MR76,49.0,13482.0,"4,30%",5,0,1,0
2024-06-09,URBANA,043_ZW Polideportivo Ricardo Balcazar,13.0,MR76,49.0,7136.0,"2,40%",6,0,1,0
2024-06-10,URBANA,043_ZW Polideportivo Ricardo Balcazar,13.0,MR76,38.0,10296.0,"1,90%",0,0,0,1
2024-06-11,URBANA,043_ZW Polideportivo Ricardo Balcazar,13.0,MR76,72.0,24040.0,"3,80%",1,1,0,0
2024-06-12,URBANA,043_ZW Polideportivo Ricardo Balcazar,13.0,MR76,41.0,3204833.0,"432,10%",2,1,0,0
2024-06-13,URBANA,043_ZW Polideportivo Ricardo Balcazar,13.0,MR76,50.0,2177489.0,"423933975,00%",3,1,0,0
2024-06-14,URBANA,043_ZW Polideportivo Ricardo Balcazar,13.0,MR76,43.0,3345152.0,"100541964,00%",4,1,0,0
2024-06-15,URBANA,043_ZW Polideportivo Ricardo Balcazar,13.0,MR76,41.0,349211.0,"62649356,00%",5,0,1,0
2024-06-16,URBANA,043_ZW Polideportivo Ricardo Balcazar,13.0,MR76,31.0,377976.0,"67778289,00%",6,0,1,0
2024-06-17,URBANA,043_ZW Polideportivo Ricardo Balcazar,13.0,MR76,43.0,915256.0,"146,50%",0,1,0,0
2024-06-18,URBANA,043_ZW Polideportivo Ricardo Balcazar,13.0,MR76,37.0,931291.0,"147,10%",1,1,0,0
2024-06-19,URBANA,043_ZW Polideportivo Ricardo Balcazar,13.0,MR76,35.0,12258.0,"1,70%",2,1,0,0
2024-06-20,URBANA,043_ZW Polideportivo Ricardo Balcazar,13.0,MR76,50.0,16713.0,"3,30%",3,1,0,0
2024-06-21,URBANA,043_ZW Polideportivo Ricardo Balcazar,13.0,MR76,59.0,13937.0,"2,40%",4,1,0,0
2024-06-22,URBANA,043_ZW Polideportivo Ricardo Balcazar,13.0,MR76,50.0,2874.0,"0,50%",5,0,1,0
2024-06-23,URBANA,043_ZW Polideportivo Ricardo Balcazar,13.0,MR76,7.0,2259.0,"0,90%",6,0,1,0
2024-06-24,URBANA,043_ZW Polideportivo Ricardo Balcazar,13.0,MR76,,,,0,1,0,0
2024-06-25,URBANA,043_ZW Polideportivo Ricardo Balcazar,13.0,MR76,51.0,1424180.0,"352,80%",1,1,0,0
2024-06-26,URBANA,043_ZW Polideportivo Ricardo Balcazar,13.0,MR76,49.0,885324.0,"228,60%",2,1,0,0
2024-06-27,URBANA,043_ZW Polideportivo Ricardo Balcazar,13.0,MR76,54.0,1179534.0,"351,00%",3,1,0,0
2024-06-28,URBANA,043_ZW Polideportivo Ricardo Balcazar,13.0,MR76,49.0,206464.0,"35,50%",4,1,0,0
2024-06-29,URBANA,043_ZW Polideportivo Ricardo Balcazar,13.0,MR76,56.0,12537.0,"2,10%",5,0,1,0
2024-06-30,URBANA,043_ZW Polideportivo Ricardo Balcazar,13.0,MR76,41.0,7200.0,"1,50%",6,0,1,0
2024-07-01,URBANA,043_ZW Polideportivo Ricardo Balcazar,13.0,MR76,52.0,11252.0,"1,56%",0,0,0,1
2024-07-02,URBANA,043_ZW Polideportivo Ricardo Balcazar,13.0,MR76,5.0,2605.0,"0,28%",1,1,0,0
2024-07-03,URBANA,043_ZW Polideportivo Ricardo Balcazar,13.0,MR76,27.0,4365106.0,"519,17%",2,1,0,0
2024-07-04,URBANA,043_ZW Polideportivo Ricardo Balcazar,13.0,MR76,69.0,2440282.0,"307,52%",3,1,0,0
2024-07-05,URBANA,043_ZW Polideportivo Ricardo Balcazar,13.0,MR76,56.0,501178.0,"58,82%",4,1,0,0
2024-07-06,URBANA,043_ZW Polideportivo Ricardo Balcazar,13.0,MR76,81.0,19448.0,"2,31%",5,0,1,0
2024-07-07,URBANA,043_ZW Polideportivo Ricardo Balcazar,13.0,MR76,63.0,16845.0,"1,91%",6,0,1,0
2024-07-08,URBANA,043_ZW Polideportivo Ricardo Balcazar,13.0,MR76,51.0,2096130.0,"377,28%",0,1,0,0
2024-07-09,URBANA,043_ZW Polideportivo Ricardo Balcazar,13.0,MR76,48.0,4195736.0,"722,51%",1,1,0,0
2024-07-10,URBANA,043_ZW Polideportivo Ricardo Balcazar,13.0,MR76,41.0,2251191.0,"325,99%",2,1,0,0
2024-07-11,URBANA,043_ZW Polideportivo Ricardo Balcazar,13.0,MR76,63.0,2028332.0,"274,89%",3,1,0,0
2024-07-12,URBANA,043_ZW Polideportivo Ricardo Balcazar,13.0,MR76,55.0,9937.0,"1,57%",4,1,0,0
2024-07-13,URBANA,043_ZW Polideportivo Ricardo Balcazar,13.0,MR76,62.0,14732.0,"2,09%",5,0,1,0
2024-07-14,URBANA,043_ZW Polideportivo Ricardo Balcazar,13.0,MR76,65.0,10386.0,"1,63%",6,0,1,0
2024-07-15,URBANA,043_ZW Polideportivo Ricardo Balcazar,13.0,MR76,56.0,31960.0,"5,72%",0,1,0,0
2024-07-16,URBANA,043_ZW Polideportivo Ricardo Balcazar,13.0,MR76,18.0,2585.0,"0,41%",1,1,0,0
2024-07-17,URBANA,043_ZW Polideportivo Ricardo Balcazar,13.0,MR76,,,,2,1,0,0
2024-07-18,URBANA,043_ZW Polideportivo Ricardo Balcazar,13.0,MR76,,,,3,1,0,0
2024-07-19,URBANA,043_ZW Polideportivo Ricardo Balcazar,13.0,MR76,,,,4,1,0,0
2024-07-20,URBANA,043_ZW Polideportivo Ricardo Balcazar,13.0,MR76,,,,5,0,0,1
2024-07-21,URBANA,043_ZW Polideportivo Ricardo Balcazar,13.0,MR76,,,,6,0,1,0
2024-07-22,URBANA,043_ZW Polideportivo Ricardo Balcazar,13.0,MR76,,,,0,1,0,0
2024-07-23,URBANA,043_ZW Polideportivo Ricardo Balcazar,13.0,MR76,,,,1,1,0,0
2024-07-24,URBANA,043_ZW Polideportivo Ricardo Balcazar,13.0,MR76,,,,2,1,0,0
2024-07-25,URBANA,043_ZW Polideportivo Ricardo Balcazar,13.0,MR76,,,,3,1,0,0
2024-07-26,URBANA,043_ZW Polideportivo Ricardo Balcazar,13.0,MR76,,,,4,1,0,0
2024-07-27,URBANA,043_ZW Polideportivo Ricardo Balcazar,13.0,MR76,,,,5,0,1,0
2024-07-28,URBANA,043_ZW Polideportivo Ricardo Balcazar,13.0,MR76,,,,6,0,1,0
2024-07-29,URBANA,043_ZW Polideportivo Ricardo Balcazar,13.0,MR76,,,,0,1,0,0
2024-07-30,URBANA,043_ZW Polideportivo Ricardo Balcazar,13.0,MR76,,,,1,1,0,0
2024-07-31,URBANA,043_ZW Polideportivo Ricardo Balcazar,13.0,MR76,,,,2,1,0,0
2024-08-01,URBANA,043_ZW Polideportivo Ricardo Balcazar,13.0,MR76,,,,3,1,0,0
2024-08-02,URBANA,043_ZW Polideportivo Ricardo Balcazar,13.0,MR76,,,,4,1,0,0
2024-08-03,URBANA,043_ZW Polideportivo Ricardo Balcazar,13.0,MR76,,,,5,0,1,0
2024-08-04,URBANA,043_ZW Polideportivo Ricardo Balcazar,13.0,MR76,,,,6,0,1,0
2024-08-05,URBANA,043_ZW Polideportivo Ricardo Balcazar,13.0,MR76,,,,0,1,0,0
2024-08-06,URBANA,043_ZW Polideportivo Ricardo Balcazar,13.0,MR76,,,,1,1,0,0
2024-08-07,URBANA,043_ZW Polideportivo Ricardo Balcazar,13.0,MR76,,,,2,0,0,1
2024-08-08,URBANA,043_ZW Polideportivo Ricardo Balcazar,13.0,MR76,,,,3,1,0,0
2024-08-09,URBANA,043_ZW Polideportivo Ricardo Balcazar,13.0,MR76,,,,4,1,0,0
2024-08-10,URBANA,043_ZW Polideportivo Ricardo Balcazar,13.0,MR76,,,,5,0,1,0
2024-08-11,URBANA,043_ZW Polideportivo Ricardo Balcazar,13.0,MR76,,,,6,0,1,0
2024-08-12,URBANA,043_ZW Polideportivo Ricardo Balcazar,13.0,MR76,,,,0,1,0,0
2024-08-13,URBANA,043_ZW Polideportivo Ricardo Balcazar,13.0,MR76,,,,1,1,0,0
2024-08-14,URBANA,043_ZW Polideportivo Ricardo Balcazar,13.0,MR76,,,,2,1,0,0
2024-08-15,URBANA,043_ZW Polideportivo Ricardo Balcazar,13.0,MR76,,,,3,1,0,0
2024-08-16,URBANA,043_ZW Polideportivo Ricardo Balcazar,13.0,MR76,,,,4,1,0,0
2024-08-17,URBANA,043_ZW Polideportivo Ricardo Balcazar,13.0,MR76,,,,5,0,1,0
2024-08-18,URBANA,043_ZW Polideportivo Ricardo Balcazar,13.0,MR76,,,,6,0,1,0
2024-08-19,URBANA,043_ZW Polideportivo Ricardo Balcazar,13.0,MR76,,,,0,0,0,1
2024-08-20,URBANA,043_ZW Polideportivo Ricardo Balcazar,13.0,MR76,,,,1,1,0,0
2024-08-21,URBANA,043_ZW Polideportivo Ricardo Balcazar,13.0,MR76,,,,2,1,0,0
2024-08-22,URBANA,043_ZW Polideportivo Ricardo Balcazar,13.0,MR76,,,,3,1,0,0
2024-08-23,URBANA,043_ZW Polideportivo Ricardo Balcazar,13.0,MR76,,,,4,1,0,0
2024-08-24,URBANA,043_ZW Polideportivo Ricardo Balcazar,13.0,MR76,,,,5,0,1,0
2024-08-25,URBANA,043_ZW Polideportivo Ricardo Balcazar,13.0,MR76,,,,6,0,1,0
2024-08-26,URBANA,043_ZW Polideportivo Ricardo Balcazar,13.0,MR76,,,,0,1,0,0
2024-08-27,URBANA,043_ZW Polideportivo Ricardo Balcazar,13.0,MR76,,,,1,1,0,0
2024-08-28,URBANA,043_ZW Polideportivo Ricardo Balcazar,13.0,MR76,,,,2,1,0,0
2024-08-29,URBANA,043_ZW Polideportivo Ricardo Balcazar,13.0,MR76,,,,3,1,0,0
2024-08-30,URBANA,043_ZW Polideportivo Ricardo Balcazar,13.0,MR76,,,,4,1,0,0
2024-08-31,URBANA,043_ZW Polideportivo Ricardo Balcazar,13.0,MR76,,,,5,0,1,0
2024-09-01,URBANA,043_ZW Polideportivo Ricardo Balcazar,13.0,MR76,,,,6,0,1,0
2024-09-02,URBANA,043_ZW Polideportivo Ricardo Balcazar,13.0,MR76,,,,0,1,0,0
2024-09-03,URBANA,043_ZW Polideportivo Ricardo Balcazar,13.0,MR76,,,,1,1,0,0
2024-09-04,URBANA,043_ZW Polideportivo Ricardo Balcazar,13.0,MR76,,,,2,1,0,0
2024-09-05,URBANA,043_ZW Polideportivo Ricardo Balcazar,13.0,MR76,,,,3,1,0,0
2024-09-06,URBANA,043_ZW Polideportivo Ricardo Balcazar,13.0,MR76,,,,4,1,0,0
2024-09-07,URBANA,043_ZW Polideportivo Ricardo Balcazar,13.0,MR76,,,,5,0,1,0
2024-09-08,URBANA,043_ZW Polideportivo Ricardo Balcazar,13.0,MR76,,,,6,0,1,0
2024-09-09,URBANA,043_ZW Polideportivo Ricardo Balcazar,13.0,MR76,,,,0,1,0,0
2024-09-10,URBANA,043_ZW Polideportivo Ricardo Balcazar,13.0,MR76,,,,1,1,0,0
2024-09-11,URBANA,043_ZW Polideportivo Ricardo Balcazar,13.0,MR76,,,,2,1,0,0
2024-09-12,URBANA,043_ZW Polideportivo Ricardo Balcazar,13.0,MR76,,,,3,1,0,0
2024-09-13,URBANA,043_ZW Polideportivo Ricardo Balcazar,13.0,MR76,,,,4,1,0,0
2024-09-14,URBANA,043_ZW Polideportivo Ricardo Balcazar,13.0,MR76,,,,5,0,1,0
2024-09-15,URBANA,043_ZW Polideportivo Ricardo Balcazar,13.0,MR76,,,,6,0,1,0
2024-09-16,URBANA,043_ZW Polideportivo Ricardo Balcazar,13.0,MR76,,,,0,1,0,0
2024-09-17,URBANA,043_ZW Polideportivo Ricardo Balcazar,13.0,MR76,,,,1,1,0,0
2024-09-18,URBANA,043_ZW Polideportivo Ricardo Balcazar,13.0,MR76,,,,2,1,0,0
2024-09-19,URBANA,043_ZW Polideportivo Ricardo Balcazar,13.0,MR76,,,,3,1,0,0
2024-09-20,URBANA,043_ZW Polideportivo Ricardo Balcazar,13.0,MR76,,,,4,1,0,0
2024-09-21,URBANA,043_ZW Polideportivo Ricardo Balcazar,13.0,MR76,,,,5,0,1,0
2024-09-22,URBANA,043_ZW Polideportivo Ricardo Balcazar,13.0,MR76,,,,6,0,1,0
2024-09-23,URBANA,043_ZW Polideportivo Ricardo Balcazar,13.0,MR76,,,,0,1,0,0
2024-09-24,URBANA,043_ZW Polideportivo Ricardo Balcazar,13.0,MR76,,,,1,1,0,0
2024-09-25,URBANA,043_ZW Polideportivo Ricardo Balcazar,13.0,MR76,,,,2,1,0,0
2024-09-26,URBANA,043_ZW Polideportivo Ricardo Balcazar,13.0,MR76,,,,3,1,0,0
2024-09-27,URBANA,043_ZW Polideportivo Ricardo Balcazar,13.0,MR76,,,,4,1,0,0
2024-09-28,URBANA,043_ZW Polideportivo Ricardo Balcazar,13.0,MR76,,,,5,0,1,0
2024-09-29,URBANA,043_ZW Polideportivo Ricardo Balcazar,13.0,MR76,,,,6,0,1,0
2024-09-30,URBANA,043_ZW Polideportivo Ricardo Balcazar,13.0,MR76,,,,0,1,0,0
2024-10-01,URBANA,043_ZW Polideportivo Ricardo Balcazar,13.0,MR76,,,,1,1,0,0
2024-10-02,URBANA,043_ZW Polideportivo Ricardo Balcazar,13.0,MR76,,,,2,1,0,0
2024-10-03,URBANA,043_ZW Polideportivo Ricardo Balcazar,13.0,MR76,,,,3,1,0,0
2024-10-04,URBANA,043_ZW Polideportivo Ricardo Balcazar,13.0,MR76,,,,4,1,0,0
2024-10-05,URBANA,043_ZW Polideportivo Ricardo Balcazar,13.0,MR76,,,,5,0,1,0
2024-10-06,URBANA,043_ZW Polideportivo Ricardo Balcazar,13.0,MR76,,,,6,0,1,0
2024-10-07,URBANA,043_ZW Polideportivo Ricardo Balcazar,13.0,MR76,,,,0,1,0,0
2024-10-08,URBANA,043_ZW Polideportivo Ricardo Balcazar,13.0,MR76,,,,1,1,0,0
2024-10-09,URBANA,043_ZW Polideportivo Ricardo Balcazar,13.0,MR76,,,,2,1,0,0
2024-10-10,URBANA,043_ZW Polideportivo Ricardo Balcazar,13.0,MR76,,,,3,1,0,0
2024-10-11,URBANA,043_ZW Polideportivo Ricardo Balcazar,13.0,MR76,,,,4,1,0,0
2024-10-12,URBANA,043_ZW Polideportivo Ricardo Balcazar,13.0,MR76,,,,5,0,1,0
2024-10-13,URBANA,043_ZW Polideportivo Ricardo Balcazar,13.0,MR76,,,,6,0,1,0
2024-10-14,URBANA,043_ZW Polideportivo Ricardo Balcazar,13.0,MR76,,,,0,0,0,1
2024-10-15,URBANA,043_ZW Polideportivo Ricardo Balcazar,13.0,MR76,,,,1,1,0,0
2024-10-16,URBANA,043_ZW Polideportivo Ricardo Balcazar,13.0,MR76,,,,2,1,0,0
2024-10-17,URBANA,043_ZW Polideportivo Ricardo Balcazar,13.0,MR76,,,,3,1,0,0
2024-10-18,URBANA,043_ZW Polideportivo Ricardo Balcazar,13.0,MR76,,,,4,1,0,0
2024-10-19,URBANA,043_ZW Polideportivo Ricardo Balcazar,13.0,MR76,,,,5,0,1,0
2024-10-20,URBANA,043_ZW Polideportivo Ricardo Balcazar,13.0,MR76,,,,6,0,1,0
2024-10-21,URBANA,043_ZW Polideportivo Ricardo Balcazar,13.0,MR76,,,,0,1,0,0
2024-10-22,URBANA,043_ZW Polideportivo Ricardo Balcazar,13.0,MR76,,,,1,1,0,0
2024-10-23,URBANA,043_ZW Polideportivo Ricardo Balcazar,13.0,MR76,,,,2,1,0,0
2024-10-24,URBANA,043_ZW Polideportivo Ricardo Balcazar,13.0,MR76,,,,3,1,0,0
2024-10-25,URBANA,043_ZW Polideportivo Ricardo Balcazar,13.0,MR76,,,,4,1,0,0
2024-10-26,URBANA,043_ZW Polideportivo Ricardo Balcazar,13.0,MR76,,,,5,0,1,0
2024-10-27,URBANA,043_ZW Polideportivo Ricardo Balcazar,13.0,MR76,,,,6,0,1,0
2024-10-28,URBANA,043_ZW Polideportivo Ricardo Balcazar,13.0,MR76,,,,0,1,0,0
2024-10-29,URBANA,043_ZW Polideportivo Ricardo Balcazar,13.0,MR76,,,,1,1,0,0
2024-10-30,URBANA,043_ZW Polideportivo Ricardo Balcazar,13.0,MR76,,,,2,1,0,0
2024-10-31,URBANA,043_ZW Polideportivo Ricardo Balcazar,13.0,MR76,,,,3,1,0,0
2024-11-01,URBANA,043_ZW Polideportivo Ricardo Balcazar,13.0,MR76,,,,4,1,0,0
2024-11-02,URBANA,043_ZW Polideportivo Ricardo Balcazar,13.0,MR76,,,,5,0,1,0
2024-11-03,URBANA,043_ZW Polideportivo Ricardo Balcazar,13.0,MR76,,,,6,0,1,0
2024-11-04,URBANA,043_ZW Polideportivo Ricardo Balcazar,13.0,MR76,,,,0,0,0,1
2024-11-05,URBANA,043_ZW Polideportivo Ricardo Balcazar,13.0,MR76,,,,1,1,0,0
2024-11-06,URBANA,043_ZW Polideportivo Ricardo Balcazar,13.0,MR76,,,,2,1,0,0
2024-11-07,URBANA,043_ZW Polideportivo Ricardo Balcazar,13.0,MR76,,,,3,1,0,0
2024-11-08,URBANA,043_ZW Polideportivo Ricardo Balcazar,13.0,MR76,,,,4,1,0,0
2024-11-09,URBANA,043_ZW Polideportivo Ricardo Balcazar,13.0,MR76,,,,5,0,1,0
2024-11-10,URBANA,043_ZW Polideportivo Ricardo Balcazar,13.0,MR76,,,,6,0,1,0
2024-11-11,URBANA,043_ZW Polideportivo Ricardo Balcazar,13.0,MR76,,,,0,0,0,1
2024-11-12,URBANA,043_ZW Polideportivo Ricardo Balcazar,13.0,MR76,,,,1,1,0,0
2024-11-13,URBANA,043_ZW Polideportivo Ricardo Balcazar,13.0,MR76,,,,2,1,0,0
2024-11-14,URBANA,043_ZW Polideportivo Ricardo Balcazar,13.0,MR76,,,,3,1,0,0
2024-11-15,URBANA,043_ZW Polideportivo Ricardo Balcazar,13.0,MR76,,,,4,1,0,0
2024-11-16,URBANA,043_ZW Polideportivo Ricardo Balcazar,13.0,MR76,,,,5,0,1,0
2024-11-17,URBANA,043_ZW Polideportivo Ricardo Balcazar,13.0,MR76,,,,6,0,1,0
2024-11-18,URBANA,043_ZW Polideportivo Ricardo Balcazar,13.0,MR76,,,,0,1,0,0
2024-11-19,URBANA,043_ZW Polideportivo Ricardo Balcazar,13.0,MR76,,,,1,1,0,0
2024-11-20,URBANA,043_ZW Polideportivo Ricardo Balcazar,13.0,MR76,,,,2,1,0,0
2024-11-21,URBANA,043_ZW Polideportivo Ricardo Balcazar,13.0,MR76,,,,3,1,0,0
2024-11-22,URBANA,043_ZW Polideportivo Ricardo Balcazar,13.0,MR76,,,,4,1,0,0
2024-11-23,URBANA,043_ZW Polideportivo Ricardo Balcazar,13.0,MR76,,,,5,0,1,0
2024-11-24,URBANA,043_ZW Polideportivo Ricardo Balcazar,13.0,MR76,,,,6,0,1,0
2024-11-25,URBANA,043_ZW Polideportivo Ricardo Balcazar,13.0,MR76,,,,0,1,0,0
2024-11-26,URBANA,043_ZW Polideportivo Ricardo Balcazar,13.0,MR76,,,,1,1,0,0
2024-11-27,URBANA,043_ZW Polideportivo Ricardo Balcazar,13.0,MR76,,,,2,1,0,0
2024-11-28,URBANA,043_ZW Polideportivo Ricardo Balcazar,13.0,MR76,,,,3,1,0,0
2024-11-29,URBANA,043_ZW Polideportivo Ricardo Balcazar,13.0,MR76,,,,4,1,0,0
2024-11-30,URBANA,043_ZW Polideportivo Ricardo Balcazar,13.0,MR76,,,,5,0,1,0
2024-12-01,URBANA,043_ZW Polideportivo Ricardo Balcazar,13.0,MR76,,,,6,0,1,0
2024-12-02,URBANA,043_ZW Polideportivo Ricardo Balcazar,13.0,MR76,,,,0,1,0,0
2024-12-03,URBANA,043_ZW Polideportivo Ricardo Balcazar,13.0,MR76,,,,1,1,0,0
2024-12-04,URBANA,043_ZW Polideportivo Ricardo Balcazar,13.0,MR76,,,,2,1,0,0
2024-12-05,URBANA,043_ZW Polideportivo Ricardo Balcazar,13.0,MR76,,,,3,1,0,0
2024-12-06,URBANA,043_ZW Polideportivo Ricardo Balcazar,13.0,MR76,30.0,458149.0,"20,38%",4,1,0,0
2024-12-07,URBANA,043_ZW Polideportivo Ricardo Balcazar,13.0,MR76,50.0,729282.0,"35,55%",5,0,1,0
2024-12-08,URBANA,043_ZW Polideportivo Ricardo Balcazar,13.0,MR76,35.0,1257258.0,"47,34%",6,0,0,1
2024-12-09,URBANA,043_ZW Polideportivo Ricardo Balcazar,13.0,MR76,34.0,920475.0,"34,13%",0,1,0,0
2024-12-10,URBANA,043_ZW Polideportivo Ricardo Balcazar,13.0,MR76,52.0,4908882.0,"162,09%",1,1,0,0
2024-12-11,URBANA,043_ZW Polideportivo Ricardo Balcazar,13.0,MR76,56.0,3082749.0,"102,24%",2,1,0,0
2024-12-12,URBANA,043_ZW Polideportivo Ricardo Balcazar,13.0,MR76,54.0,9048817.0,"263,70%",3,1,0,0
2024-12-13,URBANA,043_ZW Polideportivo Ricardo Balcazar,13.0,MR76,52.0,9130272.0,"269,12%",4,1,0,0
2024-12-14,URBANA,043_ZW Polideportivo Ricardo Balcazar,13.0,MR76,34.0,1376926.0,"45,33%",5,0,1,0
2024-12-15,URBANA,043_ZW Polideportivo Ricardo Balcazar,13.0,MR76,47.0,2556411.0,"86,29%",6,0,1,0
2024-12-16,URBANA,043_ZW Polideportivo Ricardo Balcazar,13.0,MR76,49.0,2287105.0,"68,77%",0,1,0,0
2024-12-17,URBANA,043_ZW Polideportivo Ricardo Balcazar,13.0,MR76,54.0,2216233.0,"72,10%",1,1,0,0
2024-12-18,URBANA,043_ZW Polideportivo Ricardo Balcazar,13.0,MR76,59.0,4972255.0,"158,00%",2,1,0,0
2024-12-19,URBANA,043_ZW Polideportivo Ricardo Balcazar,13.0,MR76,62.0,2805026.0,"98,60%",3,1,0,0
2024-12-20,URBANA,043_ZW Polideportivo Ricardo Balcazar,13.0,MR76,58.0,4866538.0,"160,00%",4,1,0,0
2024-12-21,URBANA,043_ZW Polideportivo Ricardo Balcazar,13.0,MR76,39.0,829948.0,"31,80%",5,0,1,0
2024-12-22,URBANA,043_ZW Polideportivo Ricardo Balcazar,13.0,MR76,55.0,2553709.0,"79,70%",6,0,1,0
2024-12-23,URBANA,043_ZW Polideportivo Ricardo Balcazar,13.0,MR76,50.0,3178678.0,"127,00%",0,1,0,0
2024-12-24,URBANA,043_ZW Polideportivo Ricardo Balcazar,13.0,MR76,44.0,1568350.0,"65,60%",1,1,0,0
2024-12-25,URBANA,043_ZW Polideportivo Ricardo Balcazar,13.0,MR76,47.0,2516442.0,"89,10%",2,0,0,1
2024-12-26,URBANA,043_ZW Polideportivo Ricardo Balcazar,13.0,MR76,36.0,4356500.0,"159,00%",3,1,0,0
2024-12-27,URBANA,043_ZW Polideportivo Ricardo Balcazar,13.0,MR76,39.0,8994909.0,"276,00%",4,1,0,0
2024-12-28,URBANA,043_ZW Polideportivo Ricardo Balcazar,13.0,MR76,30.0,1751638.0,"74,40%",5,0,1,0
2024-12-29,URBANA,043_ZW Polideportivo Ricardo Balcazar,13.0,MR76,47.0,2367704.0,"73,30%",6,0,1,0
2024-12-30,URBANA,043_ZW Polideportivo Ricardo Balcazar,13.0,MR76,32.0,2236079.0,"91,40%",0,1,0,0
2024-12-31,RURAL,043_ZW Polideportivo Ricardo Balcazar,13.0,MR76,28.0,1095181.0,"59,00%",1,1,0,0
2025-01-01,URBANA,043_ZW Polideportivo Ricardo Balcazar,13.0,MR76,47.0,610653.0,42%,2,0,0,1
2025-01-02,URBANA,043_ZW Polideportivo Ricardo Balcazar,13.0,MR76,32.0,4791301.0,172%,3,1,0,0
2025-01-03,URBANA,043_ZW Polideportivo Ricardo Balcazar,13.0,MR76,30.0,9309475.0,348%,4,1,0,0
2025-01-04,URBANA,043_ZW Polideportivo Ricardo Balcazar,13.0,MR76,38.0,18605886.0,691%,5,0,1,0
2025-01-05,URBANA,043_ZW Polideportivo Ricardo Balcazar,13.0,MR76,37.0,20959785.0,640%,6,0,1,0
2025-01-06,URBANA,043_ZW Polideportivo Ricardo Balcazar,13.0,MR76,46.0,13176020.0,352%,0,0,0,1
2025-01-07,URBANA,043_ZW Polideportivo Ricardo Balcazar,13.0,MR76,42.0,13705336.0,414%,1,1,0,0
2025-01-08,URBANA,043_ZW Polideportivo Ricardo Balcazar,13.0,MR76,48.0,8387509.0,243%,2,1,0,0
2025-01-09,URBANA,043_ZW Polideportivo Ricardo Balcazar,13.0,MR76,53.0,8813739.0,253%,3,1,0,0
2025-01-10,URBANA,043_ZW Polideportivo Ricardo Balcazar,13.0,MR76,52.0,7016914.0,194%,4,1,0,0
2025-01-11,URBANA,043_ZW Polideportivo Ricardo Balcazar,13.0,MR76,58.0,4081852.0,120%,5,0,1,0
2025-01-12,URBANA,043_ZW Polideportivo Ricardo Balcazar,13.0,MR76,60.0,10932122.0,292%,6,0,1,0
2025-01-13,URBANA,043_ZW Polideportivo Ricardo Balcazar,13.0,MR76,52.0,8452953.0,281%,0,1,0,0
2025-01-14,URBANA,043_ZW Polideportivo Ricardo Balcazar,13.0,MR76,59.0,6379282.0,210%,1,1,0,0
2025-01-15,URBANA,043_ZW Polideportivo Ricardo Balcazar,13.0,MR76,59.0,7701859.0,267%,2,1,0,0
2025-01-16,URBANA,043_ZW Polideportivo Ricardo Balcazar,13.0,MR76,48.0,2383650.0,76%,3,1,0,0
2025-01-17,URBANA,043_ZW Polideportivo Ricardo Balcazar,13.0,MR76,49.0,8313446.0,273%,4,1,0,0
2025-01-18,URBANA,043_ZW Polideportivo Ricardo Balcazar,13.0,MR76,59.0,4601474.0,152%,5,0,1,0
2025-01-19,URBANA,043_ZW Polideportivo Ricardo Balcazar,13.0,MR76,51.0,6521755.0,201%,6,0,1,0
2025-01-20,URBANA,043_ZW Polideportivo Ricardo Balcazar,13.0,MR76,58.0,4575195.0,142%,0,1,0,0
2025-01-21,URBANA,043_ZW Polideportivo Ricardo Balcazar,13.0,MR76,66.0,7294599.0,203%,1,1,0,0
2025-01-22,URBANA,043_ZW Polideportivo Ricardo Balcazar,13.0,MR76,60.0,12249175.0,365%,2,1,0,0
2025-01-23,URBANA,043_ZW Polideportivo Ricardo Balcazar,13.0,MR76,54.0,8017593.0,200%,3,1,0,0
2025-01-24,URBANA,043_ZW Polideportivo Ricardo Balcazar,13.0,MR76,68.0,5149610.0,155%,4,1,0,0
2025-01-25,URBANA,043_ZW Polideportivo Ricardo Balcazar,13.0,MR76,60.0,9160366.0,247%,5,0,1,0
2025-01-26,URBANA,043_ZW Polideportivo Ricardo Balcazar,13.0,MR76,58.0,10071457.0,256%,6,0,1,0
2025-01-27,URBANA,043_ZW Polideportivo Ricardo Balcazar,13.0,MR76,57.0,16277478.0,429%,0,1,0,0
2025-01-28,URBANA,043_ZW Polideportivo Ricardo Balcazar,13.0,MR76,56.0,2312189.0,70%,1,1,0,0
2025-01-29,URBANA,043_ZW Polideportivo Ricardo Balcazar,13.0,MR76,44.0,3955759.0,109%,2,1,0,0
2025-01-30,URBANA,043_ZW Polideportivo Ricardo Balcazar,13.0,MR76,61.0,4727598.0,174%,3,1,0,0
2025-01-31,URBANA,043_ZW Polideportivo Ricardo Balcazar,13.0,MR76,51.0,6480909.0,352%,4,1,0,0
2025-02-01,URBANA,043_ZW Polideportivo Ricardo Balcazar,13.0,MR76,57.0,6251751.0,221%,5,0,1,0
2025-02-02,URBANA,043_ZW Polideportivo Ricardo Balcazar,13.0,MR76,69.0,8210083.0,243%,6,0,1,0
2025-02-03,URBANA,043_ZW Polideportivo Ricardo Balcazar,13.0,MR76,43.0,1633682.0,63%,0,1,0,0
2025-02-04,URBANA,043_ZW Polideportivo Ricardo Balcazar,13.0,MR76,60.0,7193124.0,255%,1,1,0,0
2025-02-05,URBANA,043_ZW Polideportivo Ricardo Balcazar,13.0,MR76,55.0,3887777.0,160%,2,1,0,0
2025-02-06,URBANA,043_ZW Polideportivo Ricardo Balcazar,13.0,MR76,83.0,5333060.0,197%,3,1,0,0
2025-02-07,URBANA,043_ZW Polideportivo Ricardo Balcazar,13.0,MR76,49.0,6352778.0,217%,4,1,0,0
2025-02-08,URBANA,043_ZW Polideportivo Ricardo Balcazar,13.0,MR76,38.0,3592724.0,134%,5,0,1,0
2025-02-09,URBANA,043_ZW Polideportivo Ricardo Balcazar,13.0,MR76,42.0,4327002.0,136%,6,0,1,0
2025-02-10,URBANA,043_ZW Polideportivo Ricardo Balcazar,13.0,MR76,43.0,2763191.0,105%,0,1,0,0
2025-02-11,URBANA,043_ZW Polideportivo Ricardo Balcazar,13.0,MR76,57.0,8134707.0,274%,1,1,0,0
2025-02-12,URBANA,043_ZW Polideportivo Ricardo Balcazar,13.0,MR76,44.0,5132509.0,156%,2,1,0,0
2025-02-13,URBANA,043_ZW Polideportivo Ricardo Balcazar,13.0,MR76,31.0,752128.0,35%,3,1,0,0
2025-02-14,URBANA,043_ZW Polideportivo Ricardo Balcazar,13.0,MR76,52.0,6377098.0,191%,4,1,0,0
2025-02-15,URBANA,043_ZW Polideportivo Ricardo Balcazar,13.0,MR76,66.0,7958482.0,287%,5,0,1,0
2025-02-16,URBANA,043_ZW Polideportivo Ricardo Balcazar,13.0,MR76,46.0,12344713.0,407%,6,0,1,0
2025-02-17,URBANA,043_ZW Polideportivo Ricardo Balcazar,13.0,MR76,56.0,8784053.0,312%,0,1,0,0
2025-02-18,URBANA,043_ZW Polideportivo Ricardo Balcazar,13.0,MR76,51.0,4752927.0,169%,1,1,0,0
2025-02-19,URBANA,043_ZW Polideportivo Ricardo Balcazar,13.0,MR76,70.0,7942416.0,253%,2,1,0,0
2025-02-20,URBANA,043_ZW Polideportivo Ricardo Balcazar,13.0,MR76,65.0,5780584.0,164%,3,1,0,0
2025-02-21,URBANA,043_ZW Polideportivo Ricardo Balcazar,13.0,MR76,65.0,5517694.0,189%,4,1,0,0
2025-02-22,URBANA,043_ZW Polideportivo Ricardo Balcazar,13.0,MR76,71.0,5611756.0,197%,5,0,1,0
2025-02-23,URBANA,043_ZW Polideportivo Ricardo Balcazar,13.0,MR76,55.0,9010606.0,262%,6,0,1,0
2025-02-24,URBANA,043_ZW Polideportivo Ricardo Balcazar,13.0,MR76,36.0,5553433.0,228%,0,1,0,0
2025-02-25,URBANA,043_ZW Polideportivo Ricardo Balcazar,13.0,MR76,63.0,4953490.0,159%,1,1,0,0
2025-02-26,URBANA,043_ZW Polideportivo Ricardo Balcazar,13.0,MR76,62.0,12128255.0,438%,2,1,0,0
2025-02-27,URBANA,043_ZW Polideportivo Ricardo Balcazar,13.0,MR76,65.0,5501805.0,192%,3,1,0,0
2025-02-28,URBANA,043_ZW Polideportivo Ricardo Balcazar,13.0,MR76,50.0,4488281.0,159%,4,1,0,0
2025-03-01,URBANA,043_ZW Polideportivo Ricardo Balcazar,13.0,MR76,59.0,6414408.0,241%,5,0,1,0
2025-03-02,URBANA,043_ZW Polideportivo Ricardo Balcazar,13.0,MR76,57.0,9422687.0,278%,6,0,1,0
2025-03-03,URBANA,043_ZW Polideportivo Ricardo Balcazar,13.0,MR76,59.0,5753625.0,216%,0,1,0,0
2025-03-04,URBANA,043_ZW Polideportivo Ricardo Balcazar,13.0,MR76,55.0,5093821.0,231%,1,1,0,0
2025-03-05,URBANA,043_ZW Polideportivo Ricardo Balcazar,13.0,MR76,49.0,5874452.0,208%,2,1,0,0
2025-03-06,URBANA,043_ZW Polideportivo Ricardo Balcazar,13.0,MR76,67.0,9484215.0,304%,3,1,0,0
2025-03-07,URBANA,043_ZW Polideportivo Ricardo Balcazar,13.0,MR76,48.0,3365617.0,121%,4,1,0,0
2025-03-08,URBANA,043_ZW Polideportivo Ricardo Balcazar,13.0,MR76,67.0,10249685.0,297%,5,0,1,0
2025-03-09,URBANA,043_ZW Polideportivo Ricardo Balcazar,13.0,MR76,46.0,7136484.0,223%,6,0,1,0
2025-03-10,URBANA,043_ZW Polideportivo Ricardo Balcazar,13.0,MR76,56.0,2941818.0,85%,0,1,0,0
2025-03-11,URBANA,043_ZW Polideportivo Ricardo Balcazar,13.0,MR76,37.0,1092062.0,49%,1,1,0,0
2025-03-12,URBANA,043_ZW Polideportivo Ricardo Balcazar,13.0,MR76,51.0,3858489.0,130%,2,1,0,0
2025-03-13,URBANA,043_ZW Polideportivo Ricardo Balcazar,13.0,MR76,39.0,1095863.0,45%,3,1,0,0
2025-03-14,URBANA,043_ZW Polideportivo Ricardo Balcazar,13.0,MR76,59.0,4726704.0,160%,4,1,0,0
2025-03-15,URBANA,043_ZW Polideportivo Ricardo Balcazar,13.0,MR76,68.0,7503904.0,241%,5,0,1,0
2025-03-16,URBANA,043_ZW Polideportivo Ricardo Balcazar,13.0,MR76,48.0,603447.0,19%,6,0,1,0
2025-03-17,URBANA,043_ZW Polideportivo Ricardo Balcazar,13.0,MR76,55.0,2351011.0,81%,0,1,0,0
2025-03-18,URBANA,043_ZW Polideportivo Ricardo Balcazar,13.0,MR76,32.0,5815314.0,176%,1,1,0,0
2025-03-19,URBANA,043_ZW Polideportivo Ricardo Balcazar,13.0,MR76,48.0,3757370.0,135%,2,1,0,0
2025-03-20,URBANA,043_ZW Polideportivo Ricardo Balcazar,13.0,MR76,58.0,5015143.0,162%,3,1,0,0
2025-03-21,URBANA,043_ZW Polideportivo Ricardo Balcazar,13.0,MR76,61.0,2770162.0,75%,4,1,0,0
2025-03-22,URBANA,043_ZW Polideportivo Ricardo Balcazar,13.0,MR76,60.0,3727742.0,123%,5,0,1,0
2025-03-23,URBANA,043_ZW Polideportivo Ricardo Balcazar,13.0,MR76,57.0,6906796.0,214%,6,0,1,0
2025-03-24,URBANA,043_ZW Polideportivo Ricardo Balcazar,13.0,MR76,47.0,3162017.0,78%,0,0,0,1
2025-03-25,URBANA,043_ZW Polideportivo Ricardo Balcazar,13.0,MR76,65.0,3767339.0,109%,1,1,0,0
2025-03-26,URBANA,043_ZW Polideportivo Ricardo Balcazar,13.0,MR76,50.0,2678534.0,86%,2,1,0,0
2025-03-27,URBANA,043_ZW Polideportivo Ricardo Balcazar,13.0,MR76,54.0,3148079.0,87%,3,1,0,0
2025-03-28,URBANA,043_ZW Polideportivo Ricardo Balcazar,13.0,MR76,33.0,1165231.0,48%,4,1,0,0
2025-03-29,URBANA,043_ZW Polideportivo Ricardo Balcazar,13.0,MR76,63.0,4373207.0,137%,5,0,1,0
2025-03-30,URBANA,043_ZW Polideportivo Ricardo Balcazar,13.0,MR76,46.0,2809628.0,80%,6,0,1,0
2025-03-31,URBANA,043_ZW Polideportivo Ricardo Balcazar,13.0,MR76,56.0,4732436.0,157%,0,1,0,0
2025-04-01,URBANA,043_ZW Polideportivo Ricardo Balcazar,13.0,MR76,52.0,3399027.0,122%,1,1,0,0
2025-04-02,URBANA,043_ZW Polideportivo Ricardo Balcazar,13.0,MR76,54.0,1528164.0,57%,2,1,0,0
2025-04-03,URBANA,043_ZW Polideportivo Ricardo Balcazar,13.0,MR76,30.0,1091462.0,50%,3,1,0,0
2025-04-04,URBANA,043_ZW Polideportivo Ricardo Balcazar,13.0,MR76,50.0,1680296.0,56%,4,1,0,0
2025-04-05,URBANA,043_ZW Polideportivo Ricardo Balcazar,13.0,MR76,50.0,3114005.0,115%,5,0,1,0
2025-04-06,URBANA,043_ZW Polideportivo Ricardo Balcazar,13.0,MR76,49.0,3856432.0,128%,6,0,1,0
2025-04-07,URBANA,043_ZW Polideportivo Ricardo Balcazar,13.0,MR76,54.0,2439622.0,76%,0,1,0,0
2025-04-08,URBANA,043_ZW Polideportivo Ricardo Balcazar,13.0,MR76,55.0,3335218.0,109%,1,1,0,0
2025-04-09,URBANA,043_ZW Polideportivo Ricardo Balcazar,13.0,MR76,51.0,2445190.0,77%,2,1,0,0
2025-04-10,URBANA,043_ZW Polideportivo Ricardo Balcazar,13.0,MR76,31.0,138873.0,6%,3,1,0,0
2025-04-11,URBANA,043_ZW Polideportivo Ricardo Balcazar,13.0,MR76,60.0,3684175.0,126%,4,1,0,0
2025-04-12,URBANA,043_ZW Polideportivo Ricardo Balcazar,13.0,MR76,63.0,5057255.0,160%,5,0,1,0
2025-04-13,URBANA,043_ZW Polideportivo Ricardo Balcazar,13.0,MR76,65.0,8253077.0,235%,6,0,1,0
2025-04-14,URBANA,043_ZW Polideportivo Ricardo Balcazar,13.0,MR76,56.0,4197132.0,131%,0,1,0,0
2025-04-15,URBANA,043_ZW Polideportivo Ricardo Balcazar,13.0,MR76,48.0,2640188.0,69%,1,1,0,0
2025-04-16,URBANA,043_ZW Polideportivo Ricardo Balcazar,13.0,MR76,35.0,2661618.0,96%,2,1,0,0
2025-04-17,URBANA,043_ZW Polideportivo Ricardo Balcazar,13.0,MR76,,,,3,0,0,1
2025-04-18,URBANA,043_ZW Polideportivo Ricardo Balcazar,13.0,MR76,,,,4,0,0,1
2025-04-19,URBANA,043_ZW Polideportivo Ricardo Balcazar,13.0,MR76,,,,5,0,1,0
2025-04-20,URBANA,043_ZW Polideportivo Ricardo Balcazar,13.0,MR76,,,,6,0,1,0
2025-04-21,URBANA,043_ZW Polideportivo Ricardo Balcazar,13.0,MR76,,,,0,1,0,0
2025-04-22,URBANA,043_ZW Polideportivo Ricardo Balcazar,13.0,MR76,,,,1,1,0,0
2025-04-23,URBANA,043_ZW Polideportivo Ricardo Balcazar,13.0,MR76,,,,2,1,0,0
2025-04-24,URBANA,043_ZW Polideportivo Ricardo Balcazar,13.0,MR76,,,,3,1,0,0
2025-04-25,URBANA,043_ZW Polideportivo Ricardo Balcazar,13.0,MR76,,,,4,1,0,0
2025-04-26,URBANA,043_ZW Polideportivo Ricardo Balcazar,13.0,MR76,,,,5,0,1,0
2025-04-27,URBANA,043_ZW Polideportivo Ricardo Balcazar,13.0,MR76,,,,6,0,1,0
2025-04-28,URBANA,043_ZW Polideportivo Ricardo Balcazar,13.0,MR76,,,,0,1,0,0
2025-04-29,URBANA,043_ZW Polideportivo Ricardo Balcazar,13.0,MR76,,,,1,1,0,0
2025-04-30,URBANA,043_ZW Polideportivo Ricardo Balcazar,13.0,MR76,,,,2,1,0,0
2025-05-01,URBANA,043_ZW Polideportivo Ricardo Balcazar,13.0,MR76,,,,3,0,0,1
2025-05-02,URBANA,043_ZW Polideportivo Ricardo Balcazar,13.0,MR76,,,,4,1,0,0
2025-05-03,URBANA,043_ZW Polideportivo Ricardo Balcazar,13.0,MR76,,,,5,0,1,0
2025-05-04,URBANA,043_ZW Polideportivo Ricardo Balcazar,13.0,MR76,,,,6,0,1,0
2025-05-05,URBANA,043_ZW Polideportivo Ricardo Balcazar,13.0,MR76,,,,0,1,0,0
2025-05-06,URBANA,043_ZW Polideportivo Ricardo Balcazar,13.0,MR76,,,,1,1,0,0
2025-05-07,URBANA,043_ZW Polideportivo Ricardo Balcazar,13.0,MR76,,,,2,1,0,0
2025-05-08,URBANA,043_ZW Polideportivo Ricardo Balcazar,13.0,MR76,,,,3,1,0,0
2025-05-09,URBANA,043_ZW Polideportivo Ricardo Balcazar,13.0,MR76,,,,4,1,0,0
2025-05-10,URBANA,043_ZW Polideportivo Ricardo Balcazar,13.0,MR76,,,,5,0,1,0
2025-05-11,URBANA,043_ZW Polideportivo Ricardo Balcazar,13.0,MR76,,,,6,0,1,0
2025-05-12,URBANA,043_ZW Polideportivo Ricardo Balcazar,13.0,MR76,,,,0,1,0,0
2025-05-13,URBANA,043_ZW Polideportivo Ricardo Balcazar,13.0,MR76,,,,1,1,0,0
2025-05-14,URBANA,043_ZW Polideportivo Ricardo Balcazar,13.0,MR76,,,,2,1,0,0
2025-05-15,URBANA,043_ZW Polideportivo Ricardo Balcazar,13.0,MR76,,,,3,1,0,0
2025-05-16,URBANA,043_ZW Polideportivo Ricardo Balcazar,13.0,MR76,,,,4,1,0,0
2025-05-17,URBANA,043_ZW Polideportivo Ricardo Balcazar,13.0,MR76,,,,5,0,1,0
2025-05-18,URBANA,043_ZW Polideportivo Ricardo Balcazar,13.0,MR76,,,,6,0,1,0
2025-05-19,URBANA,043_ZW Polideportivo Ricardo Balcazar,13.0,MR76,,,,0,1,0,0
2025-05-20,URBANA,043_ZW Polideportivo Ricardo Balcazar,13.0,MR76,,,,1,1,0,0
2025-05-21,URBANA,043_ZW Polideportivo Ricardo Balcazar,13.0,MR76,,,,2,1,0,0
2025-05-22,URBANA,043_ZW Polideportivo Ricardo Balcazar,13.0,MR76,40.0,4727005.0,181%,3,1,0,0
2025-05-23,URBANA,043_ZW Polideportivo Ricardo Balcazar,13.0,MR76,43.0,4833519.0,157%,4,1,0,0
2025-05-24,URBANA,043_ZW Polideportivo Ricardo Balcazar,13.0,MR76,43.0,1635749.0,57%,5,0,1,0
2025-05-25,URBANA,043_ZW Polideportivo Ricardo Balcazar,13.0,MR76,38.0,2874344.0,95%,6,0,1,0
2025-05-26,URBANA,043_ZW Polideportivo Ricardo Balcazar,13.0,MR76,25.0,2011751.0,95%,0,1,0,0
2025-05-27,URBANA,043_ZW Polideportivo Ricardo Balcazar,13.0,MR76,57.0,3666232.0,130%,1,1,0,0
2025-05-28,URBANA,043_ZW Polideportivo Ricardo Balcazar,13.0,MR76,50.0,3058041.0,93%,2,1,0,0
2025-05-29,URBANA,043_ZW Polideportivo Ricardo Balcazar,13.0,MR76,47.0,2967505.0,98%,3,1,0,0
2025-05-30,URBANA,043_ZW Polideportivo Ricardo Balcazar,13.0,MR76,52.0,3803690.0,145%,4,1,0,0
2025-05-31,URBANA,043_ZW Polideportivo Ricardo Balcazar,13.0,MR76,48.0,6290459.0,204%,5,0,1,0
2025-06-01,URBANA,043_ZW Polideportivo Ricardo Balcazar,13.0,MR76,28.0,1158914.0,55%,6,0,1,0
2025-06-02,URBANA,043_ZW Polideportivo Ricardo Balcazar,13.0,MR76,35.0,2362160.0,100%,0,0,0,1
2025-06-03,URBANA,043_ZW Polideportivo Ricardo Balcazar,13.0,MR76,56.0,5176974.0,198%,1,1,0,0
2025-06-04,URBANA,043_ZW Polideportivo Ricardo Balcazar,13.0,MR76,46.0,3016122.0,108%,2,1,0,0
2025-06-05,URBANA,043_ZW Polideportivo Ricardo Balcazar,13.0,MR76,63.0,5208699.0,190%,3,1,0,0
2025-06-06,URBANA,043_ZW Polideportivo Ricardo Balcazar,13.0,MR76,52.0,4309965.0,148%,4,1,0,0
2025-06-07,URBANA,043_ZW Polideportivo Ricardo Balcazar,13.0,MR76,58.0,5469549.0,145%,5,0,1,0
2025-06-08,URBANA,043_ZW Polideportivo Ricardo Balcazar,13.0,MR76,46.0,5493402.0,144%,6,0,1,0
2025-06-09,URBANA,043_ZW Polideportivo Ricardo Balcazar,13.0,MR76,37.0,1554011.0,71%,0,1,0,0
2025-06-10,URBANA,043_ZW Polideportivo Ricardo Balcazar,13.0,MR76,41.0,3834585.0,202%,1,1,0,0
2025-06-11,URBANA,043_ZW Polideportivo Ricardo Balcazar,13.0,MR76,48.0,4294599.0,173%,2,1,0,0
2025-06-12,URBANA,043_ZW Polideportivo Ricardo Balcazar,13.0,MR76,46.0,2863575.0,147%,3,1,0,0
2025-06-13,URBANA,043_ZW Polideportivo Ricardo Balcazar,13.0,MR76,48.0,3638665.0,135%,4,1,0,0
2025-06-14,URBANA,043_ZW Polideportivo Ricardo Balcazar,13.0,MR76,54.0,4685865.0,145%,5,0,1,0
2025-06-15,URBANA,043_ZW Polideportivo Ricardo Balcazar,13.0,MR76,60.0,6918835.0,211%,6,0,1,0
2025-06-16,URBANA,043_ZW Polideportivo Ricardo Balcazar,13.0,MR76,51.0,2492095.0,81%,0,1,0,0
2025-06-17,URBANA,043_ZW Polideportivo Ricardo Balcazar,13.0,MR76,49.0,5653047.0,182%,1,1,0,0
2025-06-18,URBANA,043_ZW Polideportivo Ricardo Balcazar,13.0,MR76,62.0,4438598.0,129%,2,1,0,0
2025-06-19,URBANA,043_ZW Polideportivo Ricardo Balcazar,13.0,MR76,55.0,5245413.0,162%,3,1,0,0
2025-06-20,URBANA,043_ZW Polideportivo Ricardo Balcazar,13.0,MR76,54.0,1716818.0,47%,4,1,0,0
2025-06-21,URBANA,043_ZW Polideportivo Ricardo Balcazar,13.0,MR76,46.0,2698442.0,82%,5,0,1,0
2025-06-22,URBANA,043_ZW Polideportivo Ricardo Balcazar,13.0,MR76,28.0,2670658.0,98%,6,0,1,0
2025-06-23,URBANA,043_ZW Polideportivo Ricardo Balcazar,13.0,MR76,57.0,3516944.0,92%,0,0,0,1
2025-06-24,URBANA,043_ZW Polideportivo Ricardo Balcazar,13.0,MR76,61.0,4978821.0,137%,1,1,0,0
2025-06-25,URBANA,043_ZW Polideportivo Ricardo Balcazar,13.0,MR76,60.0,2880567.0,85%,2,1,0,0
2025-06-26,URBANA,043_ZW Polideportivo Ricardo Balcazar,13.0,MR76,51.0,4734176.0,156%,3,1,0,0
2025-06-27,URBANA,043_ZW Polideportivo Ricardo Balcazar,13.0,MR76,75.0,3144793.0,92%,4,1,0,0
2025-06-28,URBANA,043_ZW Polideportivo Ricardo Balcazar,13.0,MR76,61.0,4532312.0,136%,5,0,1,0
2025-06-29,URBANA,043_ZW Polideportivo Ricardo Balcazar,13.0,MR76,61.0,5018354.0,144%,6,0,1,0
2025-06-30,URBANA,043_ZW Polideportivo Ricardo Balcazar,13.0,MR76,56.0,3330421.0,103%,0,0,0,1
2025-07-01,URBANA,043_ZW Polideportivo Ricardo Balcazar,13.0,MR76,61.0,3378420.0,"95,12%",1,1,0,0
2025-07-02,URBANA,043_ZW Polideportivo Ricardo Balcazar,13.0,MR76,60.0,1521403.0,"42,85%",2,1,0,0
2025-07-03,URBANA,043_ZW Polideportivo Ricardo Balcazar,13.0,MR76,59.0,4836987.0,"1,47362809%",3,1,0,0
2025-07-04,URBANA,043_ZW Polideportivo Ricardo Balcazar,13.0,MR76,54.0,3365940.0,"93,30%",4,1,0,0
2025-07-05,URBANA,043_ZW Polideportivo Ricardo Balcazar,13.0,MR76,57.0,4158081.0,"1,13436443%",5,0,1,0
2025-07-06,URBANA,043_ZW Polideportivo Ricardo Balcazar,13.0,MR76,52.0,3845551.0,"99,47%",6,0,1,0
2025-07-07,URBANA,043_ZW Polideportivo Ricardo Balcazar,13.0,MR76,53.0,3503313.0,"1,02700407%",0,1,0,0
2025-07-08,URBANA,043_ZW Polideportivo Ricardo Balcazar,13.0,MR76,50.0,5032520.0,"1,35563562%",1,1,0,0
2025-07-09,URBANA,043_ZW Polideportivo Ricardo Balcazar,13.0,MR76,47.0,2562792.0,"74,93%",2,1,0,0
2025-07-10,URBANA,043_ZW Polideportivo Ricardo Balcazar,13.0,MR76,71.0,8089940.0,"2,29252929%",3,1,0,0
2025-07-11,URBANA,043_ZW Polideportivo Ricardo Balcazar,13.0,MR76,32.0,2986537.0,"93,92%",4,1,0,0
2025-07-12,URBANA,043_ZW Polideportivo Ricardo Balcazar,13.0,MR76,67.0,5279869.0,"1,29596153%",5,0,1,0
2025-07-13,URBANA,043_ZW Polideportivo Ricardo Balcazar,13.0,MR76,52.0,4075092.0,"1,05729891%",6,0,1,0
2025-07-14,URBANA,043_ZW Polideportivo Ricardo Balcazar,13.0,MR76,61.0,3895315.0,"1,05451728%",0,1,0,0
2025-07-15,URBANA,043_ZW Polideportivo Ricardo Balcazar,13.0,MR76,54.0,10552247.0,"2,71758225%",1,1,0,0
2025-07-16,URBANA,043_ZW Polideportivo Ricardo Balcazar,13.0,MR76,58.0,5203525.0,"1,30022%",2,1,0,0
2025-07-17,URBANA,043_ZW Polideportivo Ricardo Balcazar,13.0,MR76,93.0,6289701.0,"1,69690351%",3,1,0,0
2025-07-18,URBANA,043_ZW Polideportivo Ricardo Balcazar,13.0,MR76,56.0,4721873.0,"1,35123429%",4,1,0,0
2025-07-19,URBANA,043_ZW Polideportivo Ricardo Balcazar,13.0,MR76,62.0,4264261.0,"1,08354075%",5,0,1,0
2025-07-20,URBANA,043_ZW Polideportivo Ricardo Balcazar,13.0,MR76,71.0,11403794.0,"2,68349%",6,0,0,1
2025-07-21,URBANA,043_ZW Polideportivo Ricardo Balcazar,13.0,MR76,67.0,8672953.0,"2,64623897%",0,1,0,0
2025-07-22,URBANA,043_ZW Polideportivo Ricardo Balcazar,13.0,MR76,70.0,5627981.0,"1,50245035%",1,1,0,0
2025-07-23,URBANA,043_ZW Polideportivo Ricardo Balcazar,13.0,MR76,60.0,5991512.0,"1,67242109%",2,1,0,0
2025-07-24,URBANA,043_ZW Polideportivo Ricardo Balcazar,13.0,MR76,52.0,4075092.0,"1,05729891%",3,1,0,0
2025-07-25,URBANA,043_ZW Polideportivo Ricardo Balcazar,13.0,MR76,52.0,4769896.0,"1,52597691%",4,1,0,0
2025-07-26,URBANA,043_ZW Polideportivo Ricardo Balcazar,13.0,MR76,64.0,5712429.0,"1,45460381%",5,0,1,0
2025-07-27,URBANA,043_ZW Polideportivo Ricardo Balcazar,13.0,MR76,61.0,6196677.0,"1,70506713%",6,0,1,0
2025-07-28,URBANA,043_ZW Polideportivo Ricardo Balcazar,13.0,MR76,64.0,6756995.0,"2,0067818%",0,1,0,0
2025-07-29,URBANA,043_ZW Polideportivo Ricardo Balcazar,13.0,MR76,81.0,9692757.0,"2,35402573%",1,1,0,0
2025-07-30,URBANA,043_ZW Polideportivo Ricardo Balcazar,13.0,MR76,57.0,4911682.0,"1,40215794%",2,1,0,0
2025-07-31,URBANA,043_ZW Polideportivo Ricardo Balcazar,13.0,MR76,63.0,5032951.0,"1,39599102%",3,1,0,0
2025-08-01,URBANA,043_ZW Polideportivo Ricardo Balcazar,13.0,MR76,67.0,4764419.0,"1,37125515%",4,1,0,0
2025-08-02,URBANA,043_ZW Polideportivo Ricardo Balcazar,13.0,MR76,68.0,4764463.0,"1,35127598%",5,0,1,0
2025-08-03,URBANA,043_ZW Polideportivo Ricardo Balcazar,13.0,MR76,49.0,5227085.0,"1,42841713%",6,0,1,0
2025-08-04,URBANA,043_ZW Polideportivo Ricardo Balcazar,13.0,MR76,61.0,5514607.0,"1,83936946%",0,1,0,0
2025-08-05,URBANA,043_ZW Polideportivo Ricardo Balcazar,13.0,MR76,63.0,6592325.0,"1,99121004%",1,1,0,0
2025-08-06,URBANA,043_ZW Polideportivo Ricardo Balcazar,13.0,MR76,70.0,7245389.0,"2,21953158%",2,1,0,0
2025-08-07,URBANA,043_ZW Polideportivo Ricardo Balcazar,13.0,MR76,37.0,2431745.0,"82,67%",3,0,0,1
2025-08-08,URBANA,043_ZW Polideportivo Ricardo Balcazar,13.0,MR76,81.0,9909001.0,"2,55187524%",4,1,0,0
2025-08-09,URBANA,043_ZW Polideportivo Ricardo Balcazar,13.0,MR76,46.0,5604398.0,"1,51013391%",5,0,1,0
2025-08-10,URBANA,043_ZW Polideportivo Ricardo Balcazar,13.0,MR76,66.0,8085819.0,"1,94543833%",6,0,1,0
2025-08-11,URBANA,043_ZW Polideportivo Ricardo Balcazar,13.0,MR76,66.0,6194899.0,"1,61101861%",0,1,0,0
2025-08-12,URBANA,043_ZW Polideportivo Ricardo Balcazar,13.0,MR76,58.0,3823821.0,"93,27%",1,1,0,0
2025-08-13,URBANA,043_ZW Polideportivo Ricardo Balcazar,13.0,MR76,54.0,6113386.0,"1,85021355%",2,1,0,0
2025-08-14,URBANA,043_ZW Polideportivo Ricardo Balcazar,13.0,MR76,64.0,8647601.0,"2,29099092%",3,1,0,0
2025-08-15,URBANA,043_ZW Polideportivo Ricardo Balcazar,13.0,MR76,84.0,9459481.0,"2,8335947%",4,1,0,0
2025-08-16,URBANA,043_ZW Polideportivo Ricardo Balcazar,13.0,MR76,69.0,10356139.0,"2,74326888%",5,0,1,0
2025-08-17,URBANA,043_ZW Polideportivo Ricardo Balcazar,13.0,MR76,57.0,16330500.0,"4,23203163%",6,0,1,0
2025-08-18,URBANA,043_ZW Polideportivo Ricardo Balcazar,13.0,MR76,59.0,5717624.0,"1,48057405%",0,0,0,1
2025-08-19,URBANA,043_ZW Polideportivo Ricardo Balcazar,13.0,MR76,70.0,7340398.0,"1,98043193%",1,1,0,0
2025-08-20,URBANA,043_ZW Polideportivo Ricardo Balcazar,13.0,MR76,76.0,9591810.0,"2,44998863%",2,1,0,0
2025-08-21,URBANA,043_ZW Polideportivo Ricardo Balcazar,13.0,MR76,60.0,9094205.0,"2,23327252%",3,1,0,0
2025-08-22,URBANA,043_ZW Polideportivo Ricardo Balcazar,13.0,MR76,75.0,7573714.0,"2,10985272%",4,1,0,0
2025-08-23,URBANA,043_ZW Polideportivo Ricardo Balcazar,13.0,MR76,109.0,7840939.0,"2,07121628%",5,0,1,0
2025-08-24,URBANA,043_ZW Polideportivo Ricardo Balcazar,13.0,MR76,67.0,12597201.0,"3,00086657%",6,0,1,0
2025-08-25,URBANA,043_ZW Polideportivo Ricardo Balcazar,13.0,MR76,74.0,10772111.0,"2,775575624%",0,1,0,0
2025-08-26,URBANA,043_ZW Polideportivo Ricardo Balcazar,13.0,MR76,74.0,11715901.0,"2,827974576%",1,1,0,0
2025-08-27,URBANA,043_ZW Polideportivo Ricardo Balcazar,13.0,MR76,66.0,6237490.0,"1,77916731%",2,1,0,0
2025-08-28,URBANA,043_ZW Polideportivo Ricardo Balcazar,13.0,MR76,69.0,7375666.0,"1,65937959%",3,1,0,0
2025-08-29,URBANA,043_ZW Polideportivo Ricardo Balcazar,13.0,MR76,76.0,5708351.0,"1,52611601%",4,1,0,0
2025-08-30,URBANA,043_ZW Polideportivo Ricardo Balcazar,13.0,MR76,73.0,4289767.0,"1,02183751%",5,0,1,0
2025-08-31,URBANA,043_ZW Polideportivo Ricardo Balcazar,13.0,MR76,71.0,7540938.0,"1,90257564%",6,0,1,0
2025-09-01,URBANA,043_ZW Polideportivo Ricardo Balcazar,13.0,MR76,69.0,6165590.0,"1,89855445%",0,1,0,0
2025-09-02,URBANA,043_ZW Polideportivo Ricardo Balcazar,13.0,MR76,84.0,11196021.0,"3,06290237%",1,1,0,0
2025-09-03,URBANA,043_ZW Polideportivo Ricardo Balcazar,13.0,MR76,61.0,6161751.0,"1,61649841%",2,1,0,0
2025-09-04,URBANA,043_ZW Polideportivo Ricardo Balcazar,13.0,MR76,75.0,7347687.0,"1,67062698%",3,1,0,0
2025-09-05,URBANA,043_ZW Polideportivo Ricardo Balcazar,13.0,MR76,76.0,6720018.0,"1,70016587%",4,1,0,0
2025-09-06,URBANA,043_ZW Polideportivo Ricardo Balcazar,13.0,MR76,58.0,10213128.0,"2,47513857%",5,0,1,0
2025-09-07,URBANA,043_ZW Polideportivo Ricardo Balcazar,13.0,MR76,67.0,12444991.0,"2,65951664%",6,0,1,0
2025-09-08,URBANA,043_ZW Polideportivo Ricardo Balcazar,13.0,MR76,72.0,9786638.0,"2,19143459%",0,1,0,0
2025-09-09,URBANA,043_ZW Polideportivo Ricardo Balcazar,13.0,MR76,68.0,13622706.0,"3,07939504%",1,1,0,0
2025-09-10,URBANA,043_ZW Polideportivo Ricardo Balcazar,13.0,MR76,71.0,8053481.0,"1,85815259%",2,1,0,0
2025-09-11,URBANA,043_ZW Polideportivo Ricardo Balcazar,13.0,MR76,81.0,11967384.0,"2,77179595%",3,1,0,0
2025-09-12,URBANA,043_ZW Polideportivo Ricardo Balcazar,13.0,MR76,113.0,11297855.0,"2,41346141%",4,1,0,0
2025-09-13,URBANA,043_ZW Polideportivo Ricardo Balcazar,13.0,MR76,73.0,9585700.0,"2,07667488%",5,0,1,0
2025-09-14,URBANA,043_ZW Polideportivo Ricardo Balcazar,13.0,MR76,51.0,6996557.0,"1,40018959%",6,0,1,0
2025-09-15,URBANA,043_ZW Polideportivo Ricardo Balcazar,13.0,MR76,74.0,5880899.0,"1,20849014%",0,1,0,0
2025-09-16,URBANA,043_ZW Polideportivo Ricardo Balcazar,13.0,MR76,82.0,13365381.0,"2,73272155%",1,1,0,0
2025-09-17,URBANA,043_ZW Polideportivo Ricardo Balcazar,13.0,MR76,91.0,6139202.0,"1,54434815%",2,1,0,0
2025-09-18,URBANA,043_ZW Polideportivo Ricardo Balcazar,13.0,MR76,70.0,7341503.0,"1,88863177%",3,1,0,0
2025-09-19,URBANA,043_ZW Polideportivo Ricardo Balcazar,13.0,MR76,92.0,6158573.0,"1,40424514%",4,1,0,0
2025-09-20,URBANA,043_ZW Polideportivo Ricardo Balcazar,13.0,MR76,56.0,4844272.0,"1,37829763%",5,0,1,0
2025-09-21,URBANA,043_ZW Polideportivo Ricardo Balcazar,13.0,MR76,61.0,16615903.0,"3,75140062%",6,0,1,0
2025-09-22,URBANA,043_ZW Polideportivo Ricardo Balcazar,13.0,MR76,55.0,7467659.0,"1,73229401%",0,1,0,0
2025-09-23,URBANA,043_ZW Polideportivo Ricardo Balcazar,13.0,MR76,97.0,12079457.0,"2,35119753%",1,1,0,0
2025-09-24,URBANA,043_ZW Polideportivo Ricardo Balcazar,13.0,MR76,73.0,8402819.0,"2,00556842%",2,1,0,0
2025-09-25,URBANA,043_ZW Polideportivo Ricardo Balcazar,13.0,MR76,74.0,11482713.0,"2,94506049%",3,1,0,0
2025-09-26,URBANA,043_ZW Polideportivo Ricardo Balcazar,13.0,MR76,95.0,12553257.0,"2,88704356%",4,1,0,0
2025-09-27,URBANA,043_ZW Polideportivo Ricardo Balcazar,13.0,MR76,66.0,9790638.0,"2,27906134%",5,0,1,0
2025-09-28,URBANA,043_ZW Polideportivo Ricardo Balcazar,13.0,MR76,62.0,12849051.0,"3,23462168%",6,0,1,0
2025-09-29,URBANA,043_ZW Polideportivo Ricardo Balcazar,13.0,MR76,78.0,5398544.0,"1,27609544%",0,1,0,0
2025-09-30,URBANA,043_ZW Polideportivo Ricardo Balcazar,13.0,MR76,80.0,5952595.0,"1,4479025%",1,1,0,0
