lags,lags_label,params,mean_absolute_percentage_error,activation,alpha,hidden_layer_sizes,learning_rate,learning_rate_init,solver
[ 1  2  3  4  5  6  7  8  9 10],[ 1  2  3  4  5  6  7  8  9 10],"{'activation': 'tanh', 'alpha': 0.0001, 'hidden_layer_sizes': (100, 100), 'learning_rate': 'adaptive', 'learning_rate_init': 0.01, 'solver': 'adam'}",2.9345152785111255,tanh,0.0001,"(100, 100)",adaptive,0.01,adam
[ 1  2  3  4  5  6  7  8  9 10],[ 1  2  3  4  5  6  7  8  9 10],"{'activation': 'tanh', 'alpha': 0.0001, 'hidden_layer_sizes': (100, 100), 'learning_rate': 'constant', 'learning_rate_init': 0.01, 'solver': 'adam'}",2.9345152785111255,tanh,0.0001,"(100, 100)",constant,0.01,adam
[ 1  2  3  4  5  6  7  8  9 10],[ 1  2  3  4  5  6  7  8  9 10],"{'activation': 'tanh', 'alpha': 0.001, 'hidden_layer_sizes': (100, 100), 'learning_rate': 'adaptive', 'learning_rate_init': 0.01, 'solver': 'adam'}",2.94046955018561,tanh,0.001,"(100, 100)",adaptive,0.01,adam
[ 1  2  3  4  5  6  7  8  9 10],[ 1  2  3  4  5  6  7  8  9 10],"{'activation': 'tanh', 'alpha': 0.001, 'hidden_layer_sizes': (100, 100), 'learning_rate': 'constant', 'learning_rate_init': 0.01, 'solver': 'adam'}",2.94046955018561,tanh,0.001,"(100, 100)",constant,0.01,adam
[ 1  2  3  4  5  6  7  8  9 10],[ 1  2  3  4  5  6  7  8  9 10],"{'activation': 'tanh', 'alpha': 0.01, 'hidden_layer_sizes': (100, 100), 'learning_rate': 'constant', 'learning_rate_init': 0.01, 'solver': 'adam'}",3.0321553839326727,tanh,0.01,"(100, 100)",constant,0.01,adam
[ 1  2  3  4  5  6  7  8  9 10],[ 1  2  3  4  5  6  7  8  9 10],"{'activation': 'tanh', 'alpha': 0.01, 'hidden_layer_sizes': (100, 100), 'learning_rate': 'adaptive', 'learning_rate_init': 0.01, 'solver': 'adam'}",3.0321553839326727,tanh,0.01,"(100, 100)",adaptive,0.01,adam
[ 1  2  3  4  5  6  7  8  9 10],[ 1  2  3  4  5  6  7  8  9 10],"{'activation': 'tanh', 'alpha': 0.0001, 'hidden_layer_sizes': (50, 50), 'learning_rate': 'constant', 'learning_rate_init': 0.001, 'solver': 'adam'}",3.291080809751193,tanh,0.0001,"(50, 50)",constant,0.001,adam
[ 1  2  3  4  5  6  7  8  9 10],[ 1  2  3  4  5  6  7  8  9 10],"{'activation': 'tanh', 'alpha': 0.0001, 'hidden_layer_sizes': (50, 50), 'learning_rate': 'adaptive', 'learning_rate_init': 0.001, 'solver': 'adam'}",3.291080809751193,tanh,0.0001,"(50, 50)",adaptive,0.001,adam
[ 1  2  3  4  5  6  7  8  9 10],[ 1  2  3  4  5  6  7  8  9 10],"{'activation': 'tanh', 'alpha': 0.001, 'hidden_layer_sizes': (50, 50), 'learning_rate': 'adaptive', 'learning_rate_init': 0.001, 'solver': 'adam'}",3.2956132595334293,tanh,0.001,"(50, 50)",adaptive,0.001,adam
[ 1  2  3  4  5  6  7  8  9 10],[ 1  2  3  4  5  6  7  8  9 10],"{'activation': 'tanh', 'alpha': 0.001, 'hidden_layer_sizes': (50, 50), 'learning_rate': 'constant', 'learning_rate_init': 0.001, 'solver': 'adam'}",3.2956132595334293,tanh,0.001,"(50, 50)",constant,0.001,adam
[ 1  2  3  4  5  6  7  8  9 10],[ 1  2  3  4  5  6  7  8  9 10],"{'activation': 'tanh', 'alpha': 0.01, 'hidden_layer_sizes': (50, 50), 'learning_rate': 'adaptive', 'learning_rate_init': 0.001, 'solver': 'adam'}",3.3140122433909327,tanh,0.01,"(50, 50)",adaptive,0.001,adam
[ 1  2  3  4  5  6  7  8  9 10],[ 1  2  3  4  5  6  7  8  9 10],"{'activation': 'tanh', 'alpha': 0.01, 'hidden_layer_sizes': (50, 50), 'learning_rate': 'constant', 'learning_rate_init': 0.001, 'solver': 'adam'}",3.3140122433909327,tanh,0.01,"(50, 50)",constant,0.001,adam
[ 1  2  3  4  5  6  7  8  9 10],[ 1  2  3  4  5  6  7  8  9 10],"{'activation': 'tanh', 'alpha': 0.0001, 'hidden_layer_sizes': (50, 50), 'learning_rate': 'constant', 'learning_rate_init': 0.01, 'solver': 'adam'}",3.987794023018894,tanh,0.0001,"(50, 50)",constant,0.01,adam
[ 1  2  3  4  5  6  7  8  9 10],[ 1  2  3  4  5  6  7  8  9 10],"{'activation': 'tanh', 'alpha': 0.0001, 'hidden_layer_sizes': (50, 50), 'learning_rate': 'adaptive', 'learning_rate_init': 0.01, 'solver': 'adam'}",3.987794023018894,tanh,0.0001,"(50, 50)",adaptive,0.01,adam
[ 1  2  3  4  5  6  7  8  9 10],[ 1  2  3  4  5  6  7  8  9 10],"{'activation': 'tanh', 'alpha': 0.001, 'hidden_layer_sizes': (50, 50), 'learning_rate': 'adaptive', 'learning_rate_init': 0.01, 'solver': 'adam'}",3.99791818131922,tanh,0.001,"(50, 50)",adaptive,0.01,adam
[ 1  2  3  4  5  6  7  8  9 10],[ 1  2  3  4  5  6  7  8  9 10],"{'activation': 'tanh', 'alpha': 0.001, 'hidden_layer_sizes': (50, 50), 'learning_rate': 'constant', 'learning_rate_init': 0.01, 'solver': 'adam'}",3.99791818131922,tanh,0.001,"(50, 50)",constant,0.01,adam
[ 1  2  3  4  5  6  7  8  9 10],[ 1  2  3  4  5  6  7  8  9 10],"{'activation': 'tanh', 'alpha': 0.01, 'hidden_layer_sizes': (50, 50), 'learning_rate': 'adaptive', 'learning_rate_init': 0.01, 'solver': 'adam'}",4.105119040252333,tanh,0.01,"(50, 50)",adaptive,0.01,adam
[ 1  2  3  4  5  6  7  8  9 10],[ 1  2  3  4  5  6  7  8  9 10],"{'activation': 'tanh', 'alpha': 0.01, 'hidden_layer_sizes': (50, 50), 'learning_rate': 'constant', 'learning_rate_init': 0.01, 'solver': 'adam'}",4.105119040252333,tanh,0.01,"(50, 50)",constant,0.01,adam
[ 1  2  3  4  5  6  7  8  9 10],[ 1  2  3  4  5  6  7  8  9 10],"{'activation': 'tanh', 'alpha': 0.0001, 'hidden_layer_sizes': (50,), 'learning_rate': 'constant', 'learning_rate_init': 0.001, 'solver': 'adam'}",4.3967913297441354,tanh,0.0001,"(50,)",constant,0.001,adam
[ 1  2  3  4  5  6  7  8  9 10],[ 1  2  3  4  5  6  7  8  9 10],"{'activation': 'tanh', 'alpha': 0.0001, 'hidden_layer_sizes': (50,), 'learning_rate': 'adaptive', 'learning_rate_init': 0.001, 'solver': 'adam'}",4.3967913297441354,tanh,0.0001,"(50,)",adaptive,0.001,adam
[ 1  2  3  4  5  6  7  8  9 10],[ 1  2  3  4  5  6  7  8  9 10],"{'activation': 'tanh', 'alpha': 0.001, 'hidden_layer_sizes': (50,), 'learning_rate': 'constant', 'learning_rate_init': 0.001, 'solver': 'adam'}",4.397806111596569,tanh,0.001,"(50,)",constant,0.001,adam
[ 1  2  3  4  5  6  7  8  9 10],[ 1  2  3  4  5  6  7  8  9 10],"{'activation': 'tanh', 'alpha': 0.001, 'hidden_layer_sizes': (50,), 'learning_rate': 'adaptive', 'learning_rate_init': 0.001, 'solver': 'adam'}",4.397806111596569,tanh,0.001,"(50,)",adaptive,0.001,adam
[ 1  2  3  4  5  6  7  8  9 10],[ 1  2  3  4  5  6  7  8  9 10],"{'activation': 'tanh', 'alpha': 0.01, 'hidden_layer_sizes': (50,), 'learning_rate': 'constant', 'learning_rate_init': 0.001, 'solver': 'adam'}",4.409332026962517,tanh,0.01,"(50,)",constant,0.001,adam
[ 1  2  3  4  5  6  7  8  9 10],[ 1  2  3  4  5  6  7  8  9 10],"{'activation': 'tanh', 'alpha': 0.01, 'hidden_layer_sizes': (50,), 'learning_rate': 'adaptive', 'learning_rate_init': 0.001, 'solver': 'adam'}",4.409332026962517,tanh,0.01,"(50,)",adaptive,0.001,adam
[ 1  2  3  4  5  6  7  8  9 10],[ 1  2  3  4  5  6  7  8  9 10],"{'activation': 'tanh', 'alpha': 0.0001, 'hidden_layer_sizes': (50,), 'learning_rate': 'constant', 'learning_rate_init': 0.01, 'solver': 'adam'}",4.624838733156695,tanh,0.0001,"(50,)",constant,0.01,adam
[ 1  2  3  4  5  6  7  8  9 10],[ 1  2  3  4  5  6  7  8  9 10],"{'activation': 'tanh', 'alpha': 0.0001, 'hidden_layer_sizes': (50,), 'learning_rate': 'adaptive', 'learning_rate_init': 0.01, 'solver': 'adam'}",4.624838733156695,tanh,0.0001,"(50,)",adaptive,0.01,adam
[ 1  2  3  4  5  6  7  8  9 10],[ 1  2  3  4  5  6  7  8  9 10],"{'activation': 'tanh', 'alpha': 0.001, 'hidden_layer_sizes': (50,), 'learning_rate': 'constant', 'learning_rate_init': 0.01, 'solver': 'adam'}",4.642953844529421,tanh,0.001,"(50,)",constant,0.01,adam
[ 1  2  3  4  5  6  7  8  9 10],[ 1  2  3  4  5  6  7  8  9 10],"{'activation': 'tanh', 'alpha': 0.001, 'hidden_layer_sizes': (50,), 'learning_rate': 'adaptive', 'learning_rate_init': 0.01, 'solver': 'adam'}",4.642953844529421,tanh,0.001,"(50,)",adaptive,0.01,adam
[ 1  2  3  4  5  6  7  8  9 10],[ 1  2  3  4  5  6  7  8  9 10],"{'activation': 'tanh', 'alpha': 0.01, 'hidden_layer_sizes': (50,), 'learning_rate': 'constant', 'learning_rate_init': 0.01, 'solver': 'adam'}",4.753639147707051,tanh,0.01,"(50,)",constant,0.01,adam
[ 1  2  3  4  5  6  7  8  9 10],[ 1  2  3  4  5  6  7  8  9 10],"{'activation': 'tanh', 'alpha': 0.01, 'hidden_layer_sizes': (50,), 'learning_rate': 'adaptive', 'learning_rate_init': 0.01, 'solver': 'adam'}",4.753639147707051,tanh,0.01,"(50,)",adaptive,0.01,adam
[ 1  2  3  4  5  6  7  8  9 10],[ 1  2  3  4  5  6  7  8  9 10],"{'activation': 'tanh', 'alpha': 0.0001, 'hidden_layer_sizes': (50, 25, 10), 'learning_rate': 'constant', 'learning_rate_init': 0.01, 'solver': 'adam'}",4.796855835293516,tanh,0.0001,"(50, 25, 10)",constant,0.01,adam
[ 1  2  3  4  5  6  7  8  9 10],[ 1  2  3  4  5  6  7  8  9 10],"{'activation': 'tanh', 'alpha': 0.0001, 'hidden_layer_sizes': (50, 25, 10), 'learning_rate': 'adaptive', 'learning_rate_init': 0.01, 'solver': 'adam'}",4.796855835293516,tanh,0.0001,"(50, 25, 10)",adaptive,0.01,adam
[ 1  2  3  4  5  6  7  8  9 10],[ 1  2  3  4  5  6  7  8  9 10],"{'activation': 'tanh', 'alpha': 0.001, 'hidden_layer_sizes': (50, 25, 10), 'learning_rate': 'constant', 'learning_rate_init': 0.01, 'solver': 'adam'}",4.80069322586205,tanh,0.001,"(50, 25, 10)",constant,0.01,adam
[ 1  2  3  4  5  6  7  8  9 10],[ 1  2  3  4  5  6  7  8  9 10],"{'activation': 'tanh', 'alpha': 0.001, 'hidden_layer_sizes': (50, 25, 10), 'learning_rate': 'adaptive', 'learning_rate_init': 0.01, 'solver': 'adam'}",4.80069322586205,tanh,0.001,"(50, 25, 10)",adaptive,0.01,adam
[ 1  2  3  4  5  6  7  8  9 10],[ 1  2  3  4  5  6  7  8  9 10],"{'activation': 'tanh', 'alpha': 0.01, 'hidden_layer_sizes': (50, 25, 10), 'learning_rate': 'adaptive', 'learning_rate_init': 0.01, 'solver': 'adam'}",4.82586252217461,tanh,0.01,"(50, 25, 10)",adaptive,0.01,adam
[ 1  2  3  4  5  6  7  8  9 10],[ 1  2  3  4  5  6  7  8  9 10],"{'activation': 'tanh', 'alpha': 0.01, 'hidden_layer_sizes': (50, 25, 10), 'learning_rate': 'constant', 'learning_rate_init': 0.01, 'solver': 'adam'}",4.82586252217461,tanh,0.01,"(50, 25, 10)",constant,0.01,adam
[ 1  2  3  4  5  6  7  8  9 10],[ 1  2  3  4  5  6  7  8  9 10],"{'activation': 'tanh', 'alpha': 0.0001, 'hidden_layer_sizes': (50, 25, 10), 'learning_rate': 'constant', 'learning_rate_init': 0.001, 'solver': 'adam'}",5.285728365402555,tanh,0.0001,"(50, 25, 10)",constant,0.001,adam
[ 1  2  3  4  5  6  7  8  9 10],[ 1  2  3  4  5  6  7  8  9 10],"{'activation': 'tanh', 'alpha': 0.0001, 'hidden_layer_sizes': (50, 25, 10), 'learning_rate': 'adaptive', 'learning_rate_init': 0.001, 'solver': 'adam'}",5.285728365402555,tanh,0.0001,"(50, 25, 10)",adaptive,0.001,adam
[ 1  2  3  4  5  6  7  8  9 10],[ 1  2  3  4  5  6  7  8  9 10],"{'activation': 'tanh', 'alpha': 0.001, 'hidden_layer_sizes': (50, 25, 10), 'learning_rate': 'adaptive', 'learning_rate_init': 0.001, 'solver': 'adam'}",5.285876088208258,tanh,0.001,"(50, 25, 10)",adaptive,0.001,adam
[ 1  2  3  4  5  6  7  8  9 10],[ 1  2  3  4  5  6  7  8  9 10],"{'activation': 'tanh', 'alpha': 0.001, 'hidden_layer_sizes': (50, 25, 10), 'learning_rate': 'constant', 'learning_rate_init': 0.001, 'solver': 'adam'}",5.285876088208258,tanh,0.001,"(50, 25, 10)",constant,0.001,adam
[ 1  2  3  4  5  6  7  8  9 10],[ 1  2  3  4  5  6  7  8  9 10],"{'activation': 'tanh', 'alpha': 0.01, 'hidden_layer_sizes': (50, 25, 10), 'learning_rate': 'adaptive', 'learning_rate_init': 0.001, 'solver': 'adam'}",5.289434399095254,tanh,0.01,"(50, 25, 10)",adaptive,0.001,adam
[ 1  2  3  4  5  6  7  8  9 10],[ 1  2  3  4  5  6  7  8  9 10],"{'activation': 'tanh', 'alpha': 0.01, 'hidden_layer_sizes': (50, 25, 10), 'learning_rate': 'constant', 'learning_rate_init': 0.001, 'solver': 'adam'}",5.289434399095254,tanh,0.01,"(50, 25, 10)",constant,0.001,adam
[ 1  2  3  4  5  6  7  8  9 10],[ 1  2  3  4  5  6  7  8  9 10],"{'activation': 'relu', 'alpha': 0.01, 'hidden_layer_sizes': (50, 25, 10), 'learning_rate': 'adaptive', 'learning_rate_init': 0.001, 'solver': 'adam'}",5.551071138768931,relu,0.01,"(50, 25, 10)",adaptive,0.001,adam
[ 1  2  3  4  5  6  7  8  9 10],[ 1  2  3  4  5  6  7  8  9 10],"{'activation': 'relu', 'alpha': 0.01, 'hidden_layer_sizes': (50, 25, 10), 'learning_rate': 'constant', 'learning_rate_init': 0.001, 'solver': 'adam'}",5.551071138768931,relu,0.01,"(50, 25, 10)",constant,0.001,adam
[ 1  2  3  4  5  6  7  8  9 10],[ 1  2  3  4  5  6  7  8  9 10],"{'activation': 'relu', 'alpha': 0.001, 'hidden_layer_sizes': (50, 25, 10), 'learning_rate': 'adaptive', 'learning_rate_init': 0.001, 'solver': 'adam'}",5.7226361409090885,relu,0.001,"(50, 25, 10)",adaptive,0.001,adam
[ 1  2  3  4  5  6  7  8  9 10],[ 1  2  3  4  5  6  7  8  9 10],"{'activation': 'relu', 'alpha': 0.001, 'hidden_layer_sizes': (50, 25, 10), 'learning_rate': 'constant', 'learning_rate_init': 0.001, 'solver': 'adam'}",5.7226361409090885,relu,0.001,"(50, 25, 10)",constant,0.001,adam
[ 1  2  3  4  5  6  7  8  9 10],[ 1  2  3  4  5  6  7  8  9 10],"{'activation': 'relu', 'alpha': 0.0001, 'hidden_layer_sizes': (50, 25, 10), 'learning_rate': 'constant', 'learning_rate_init': 0.001, 'solver': 'adam'}",5.733438392829005,relu,0.0001,"(50, 25, 10)",constant,0.001,adam
[ 1  2  3  4  5  6  7  8  9 10],[ 1  2  3  4  5  6  7  8  9 10],"{'activation': 'relu', 'alpha': 0.0001, 'hidden_layer_sizes': (50, 25, 10), 'learning_rate': 'adaptive', 'learning_rate_init': 0.001, 'solver': 'adam'}",5.733438392829005,relu,0.0001,"(50, 25, 10)",adaptive,0.001,adam
[ 1  2  3  4  5  6  7  8  9 10],[ 1  2  3  4  5  6  7  8  9 10],"{'activation': 'tanh', 'alpha': 0.0001, 'hidden_layer_sizes': (100, 100), 'learning_rate': 'adaptive', 'learning_rate_init': 0.001, 'solver': 'adam'}",5.9780146328538155,tanh,0.0001,"(100, 100)",adaptive,0.001,adam
[ 1  2  3  4  5  6  7  8  9 10],[ 1  2  3  4  5  6  7  8  9 10],"{'activation': 'tanh', 'alpha': 0.0001, 'hidden_layer_sizes': (100, 100), 'learning_rate': 'constant', 'learning_rate_init': 0.001, 'solver': 'adam'}",5.9780146328538155,tanh,0.0001,"(100, 100)",constant,0.001,adam
[ 1  2  3  4  5  6  7  8  9 10],[ 1  2  3  4  5  6  7  8  9 10],"{'activation': 'tanh', 'alpha': 0.001, 'hidden_layer_sizes': (100, 100), 'learning_rate': 'adaptive', 'learning_rate_init': 0.001, 'solver': 'adam'}",5.9820948563142835,tanh,0.001,"(100, 100)",adaptive,0.001,adam
[ 1  2  3  4  5  6  7  8  9 10],[ 1  2  3  4  5  6  7  8  9 10],"{'activation': 'tanh', 'alpha': 0.001, 'hidden_layer_sizes': (100, 100), 'learning_rate': 'constant', 'learning_rate_init': 0.001, 'solver': 'adam'}",5.9820948563142835,tanh,0.001,"(100, 100)",constant,0.001,adam
[ 1  2  3  4  5  6  7  8  9 10],[ 1  2  3  4  5  6  7  8  9 10],"{'activation': 'tanh', 'alpha': 0.01, 'hidden_layer_sizes': (100, 100), 'learning_rate': 'constant', 'learning_rate_init': 0.001, 'solver': 'adam'}",6.031380185679874,tanh,0.01,"(100, 100)",constant,0.001,adam
[ 1  2  3  4  5  6  7  8  9 10],[ 1  2  3  4  5  6  7  8  9 10],"{'activation': 'tanh', 'alpha': 0.01, 'hidden_layer_sizes': (100, 100), 'learning_rate': 'adaptive', 'learning_rate_init': 0.001, 'solver': 'adam'}",6.031380185679874,tanh,0.01,"(100, 100)",adaptive,0.001,adam
[ 1  2  3  4  5  6  7  8  9 10],[ 1  2  3  4  5  6  7  8  9 10],"{'activation': 'tanh', 'alpha': 0.0001, 'hidden_layer_sizes': (100,), 'learning_rate': 'constant', 'learning_rate_init': 0.01, 'solver': 'adam'}",6.080179632848261,tanh,0.0001,"(100,)",constant,0.01,adam
[ 1  2  3  4  5  6  7  8  9 10],[ 1  2  3  4  5  6  7  8  9 10],"{'activation': 'tanh', 'alpha': 0.0001, 'hidden_layer_sizes': (100,), 'learning_rate': 'adaptive', 'learning_rate_init': 0.01, 'solver': 'adam'}",6.080179632848261,tanh,0.0001,"(100,)",adaptive,0.01,adam
[ 1  2  3  4  5  6  7  8  9 10],[ 1  2  3  4  5  6  7  8  9 10],"{'activation': 'tanh', 'alpha': 0.001, 'hidden_layer_sizes': (100,), 'learning_rate': 'adaptive', 'learning_rate_init': 0.01, 'solver': 'adam'}",6.087980884380441,tanh,0.001,"(100,)",adaptive,0.01,adam
[ 1  2  3  4  5  6  7  8  9 10],[ 1  2  3  4  5  6  7  8  9 10],"{'activation': 'tanh', 'alpha': 0.001, 'hidden_layer_sizes': (100,), 'learning_rate': 'constant', 'learning_rate_init': 0.01, 'solver': 'adam'}",6.087980884380441,tanh,0.001,"(100,)",constant,0.01,adam
[ 1  2  3  4  5  6  7  8  9 10],[ 1  2  3  4  5  6  7  8  9 10],"{'activation': 'tanh', 'alpha': 0.01, 'hidden_layer_sizes': (100,), 'learning_rate': 'adaptive', 'learning_rate_init': 0.01, 'solver': 'adam'}",6.322966083438814,tanh,0.01,"(100,)",adaptive,0.01,adam
[ 1  2  3  4  5  6  7  8  9 10],[ 1  2  3  4  5  6  7  8  9 10],"{'activation': 'tanh', 'alpha': 0.01, 'hidden_layer_sizes': (100,), 'learning_rate': 'constant', 'learning_rate_init': 0.01, 'solver': 'adam'}",6.322966083438814,tanh,0.01,"(100,)",constant,0.01,adam
[ 1  2  3  4  5  6  7  8  9 10],[ 1  2  3  4  5  6  7  8  9 10],"{'activation': 'tanh', 'alpha': 0.0001, 'hidden_layer_sizes': (100, 50), 'learning_rate': 'adaptive', 'learning_rate_init': 0.001, 'solver': 'adam'}",6.545481347410988,tanh,0.0001,"(100, 50)",adaptive,0.001,adam
[ 1  2  3  4  5  6  7  8  9 10],[ 1  2  3  4  5  6  7  8  9 10],"{'activation': 'tanh', 'alpha': 0.0001, 'hidden_layer_sizes': (100, 50), 'learning_rate': 'constant', 'learning_rate_init': 0.001, 'solver': 'adam'}",6.545481347410988,tanh,0.0001,"(100, 50)",constant,0.001,adam
[ 1  2  3  4  5  6  7  8  9 10],[ 1  2  3  4  5  6  7  8  9 10],"{'activation': 'tanh', 'alpha': 0.001, 'hidden_layer_sizes': (100, 50), 'learning_rate': 'constant', 'learning_rate_init': 0.001, 'solver': 'adam'}",6.545530039805793,tanh,0.001,"(100, 50)",constant,0.001,adam
[ 1  2  3  4  5  6  7  8  9 10],[ 1  2  3  4  5  6  7  8  9 10],"{'activation': 'tanh', 'alpha': 0.001, 'hidden_layer_sizes': (100, 50), 'learning_rate': 'adaptive', 'learning_rate_init': 0.001, 'solver': 'adam'}",6.545530039805793,tanh,0.001,"(100, 50)",adaptive,0.001,adam
[ 1  2  3  4  5  6  7  8  9 10],[ 1  2  3  4  5  6  7  8  9 10],"{'activation': 'tanh', 'alpha': 0.01, 'hidden_layer_sizes': (100, 50), 'learning_rate': 'constant', 'learning_rate_init': 0.001, 'solver': 'adam'}",6.547958151046231,tanh,0.01,"(100, 50)",constant,0.001,adam
[ 1  2  3  4  5  6  7  8  9 10],[ 1  2  3  4  5  6  7  8  9 10],"{'activation': 'tanh', 'alpha': 0.01, 'hidden_layer_sizes': (100, 50), 'learning_rate': 'adaptive', 'learning_rate_init': 0.001, 'solver': 'adam'}",6.547958151046231,tanh,0.01,"(100, 50)",adaptive,0.001,adam
[ 1  2  3  4  5  6  7  8  9 10],[ 1  2  3  4  5  6  7  8  9 10],"{'activation': 'relu', 'alpha': 0.0001, 'hidden_layer_sizes': (50, 25, 10), 'learning_rate': 'constant', 'learning_rate_init': 0.01, 'solver': 'adam'}",6.551910369575071,relu,0.0001,"(50, 25, 10)",constant,0.01,adam
[ 1  2  3  4  5  6  7  8  9 10],[ 1  2  3  4  5  6  7  8  9 10],"{'activation': 'relu', 'alpha': 0.0001, 'hidden_layer_sizes': (50, 25, 10), 'learning_rate': 'adaptive', 'learning_rate_init': 0.01, 'solver': 'adam'}",6.551910369575071,relu,0.0001,"(50, 25, 10)",adaptive,0.01,adam
[ 1  2  3  4  5  6  7  8  9 10],[ 1  2  3  4  5  6  7  8  9 10],"{'activation': 'tanh', 'alpha': 0.0001, 'hidden_layer_sizes': (100, 50), 'learning_rate': 'adaptive', 'learning_rate_init': 0.01, 'solver': 'adam'}",6.598281743394024,tanh,0.0001,"(100, 50)",adaptive,0.01,adam
[ 1  2  3  4  5  6  7  8  9 10],[ 1  2  3  4  5  6  7  8  9 10],"{'activation': 'tanh', 'alpha': 0.0001, 'hidden_layer_sizes': (100, 50), 'learning_rate': 'constant', 'learning_rate_init': 0.01, 'solver': 'adam'}",6.598281743394024,tanh,0.0001,"(100, 50)",constant,0.01,adam
[ 1  2  3  4  5  6  7  8  9 10],[ 1  2  3  4  5  6  7  8  9 10],"{'activation': 'tanh', 'alpha': 0.001, 'hidden_layer_sizes': (100, 50), 'learning_rate': 'constant', 'learning_rate_init': 0.01, 'solver': 'adam'}",6.598471266375407,tanh,0.001,"(100, 50)",constant,0.01,adam
[ 1  2  3  4  5  6  7  8  9 10],[ 1  2  3  4  5  6  7  8  9 10],"{'activation': 'tanh', 'alpha': 0.001, 'hidden_layer_sizes': (100, 50), 'learning_rate': 'adaptive', 'learning_rate_init': 0.01, 'solver': 'adam'}",6.598471266375407,tanh,0.001,"(100, 50)",adaptive,0.01,adam
[ 1  2  3  4  5  6  7  8  9 10],[ 1  2  3  4  5  6  7  8  9 10],"{'activation': 'tanh', 'alpha': 0.01, 'hidden_layer_sizes': (100, 50), 'learning_rate': 'constant', 'learning_rate_init': 0.01, 'solver': 'adam'}",6.601958443715045,tanh,0.01,"(100, 50)",constant,0.01,adam
[ 1  2  3  4  5  6  7  8  9 10],[ 1  2  3  4  5  6  7  8  9 10],"{'activation': 'tanh', 'alpha': 0.01, 'hidden_layer_sizes': (100, 50), 'learning_rate': 'adaptive', 'learning_rate_init': 0.01, 'solver': 'adam'}",6.601958443715045,tanh,0.01,"(100, 50)",adaptive,0.01,adam
[ 1  2  3  4  5  6  7  8  9 10],[ 1  2  3  4  5  6  7  8  9 10],"{'activation': 'relu', 'alpha': 0.01, 'hidden_layer_sizes': (50, 25, 10), 'learning_rate': 'adaptive', 'learning_rate_init': 0.01, 'solver': 'adam'}",6.6432669037774845,relu,0.01,"(50, 25, 10)",adaptive,0.01,adam
[ 1  2  3  4  5  6  7  8  9 10],[ 1  2  3  4  5  6  7  8  9 10],"{'activation': 'relu', 'alpha': 0.01, 'hidden_layer_sizes': (50, 25, 10), 'learning_rate': 'constant', 'learning_rate_init': 0.01, 'solver': 'adam'}",6.6432669037774845,relu,0.01,"(50, 25, 10)",constant,0.01,adam
[ 1  2  3  4  5  6  7  8  9 10],[ 1  2  3  4  5  6  7  8  9 10],"{'activation': 'relu', 'alpha': 0.001, 'hidden_layer_sizes': (50, 25, 10), 'learning_rate': 'adaptive', 'learning_rate_init': 0.01, 'solver': 'adam'}",6.877647420067063,relu,0.001,"(50, 25, 10)",adaptive,0.01,adam
[ 1  2  3  4  5  6  7  8  9 10],[ 1  2  3  4  5  6  7  8  9 10],"{'activation': 'relu', 'alpha': 0.001, 'hidden_layer_sizes': (50, 25, 10), 'learning_rate': 'constant', 'learning_rate_init': 0.01, 'solver': 'adam'}",6.877647420067063,relu,0.001,"(50, 25, 10)",constant,0.01,adam
[ 1  2  3  4  5  6  7  8  9 10],[ 1  2  3  4  5  6  7  8  9 10],"{'activation': 'tanh', 'alpha': 0.01, 'hidden_layer_sizes': (100,), 'learning_rate': 'adaptive', 'learning_rate_init': 0.001, 'solver': 'adam'}",7.131997729105611,tanh,0.01,"(100,)",adaptive,0.001,adam
[ 1  2  3  4  5  6  7  8  9 10],[ 1  2  3  4  5  6  7  8  9 10],"{'activation': 'tanh', 'alpha': 0.01, 'hidden_layer_sizes': (100,), 'learning_rate': 'constant', 'learning_rate_init': 0.001, 'solver': 'adam'}",7.131997729105611,tanh,0.01,"(100,)",constant,0.001,adam
[ 1  2  3  4  5  6  7  8  9 10],[ 1  2  3  4  5  6  7  8  9 10],"{'activation': 'tanh', 'alpha': 0.001, 'hidden_layer_sizes': (100,), 'learning_rate': 'constant', 'learning_rate_init': 0.001, 'solver': 'adam'}",7.234199634296446,tanh,0.001,"(100,)",constant,0.001,adam
[ 1  2  3  4  5  6  7  8  9 10],[ 1  2  3  4  5  6  7  8  9 10],"{'activation': 'tanh', 'alpha': 0.001, 'hidden_layer_sizes': (100,), 'learning_rate': 'adaptive', 'learning_rate_init': 0.001, 'solver': 'adam'}",7.234199634296446,tanh,0.001,"(100,)",adaptive,0.001,adam
[ 1  2  3  4  5  6  7  8  9 10],[ 1  2  3  4  5  6  7  8  9 10],"{'activation': 'relu', 'alpha': 0.0001, 'hidden_layer_sizes': (50, 50), 'learning_rate': 'constant', 'learning_rate_init': 0.01, 'solver': 'adam'}",7.235581847677904,relu,0.0001,"(50, 50)",constant,0.01,adam
[ 1  2  3  4  5  6  7  8  9 10],[ 1  2  3  4  5  6  7  8  9 10],"{'activation': 'relu', 'alpha': 0.0001, 'hidden_layer_sizes': (50, 50), 'learning_rate': 'adaptive', 'learning_rate_init': 0.01, 'solver': 'adam'}",7.235581847677904,relu,0.0001,"(50, 50)",adaptive,0.01,adam
[ 1  2  3  4  5  6  7  8  9 10],[ 1  2  3  4  5  6  7  8  9 10],"{'activation': 'tanh', 'alpha': 0.0001, 'hidden_layer_sizes': (100,), 'learning_rate': 'constant', 'learning_rate_init': 0.001, 'solver': 'adam'}",7.249623106520002,tanh,0.0001,"(100,)",constant,0.001,adam
[ 1  2  3  4  5  6  7  8  9 10],[ 1  2  3  4  5  6  7  8  9 10],"{'activation': 'tanh', 'alpha': 0.0001, 'hidden_layer_sizes': (100,), 'learning_rate': 'adaptive', 'learning_rate_init': 0.001, 'solver': 'adam'}",7.249623106520002,tanh,0.0001,"(100,)",adaptive,0.001,adam
[ 1  2  3  4  5  6  7  8  9 10],[ 1  2  3  4  5  6  7  8  9 10],"{'activation': 'relu', 'alpha': 0.001, 'hidden_layer_sizes': (50, 50), 'learning_rate': 'constant', 'learning_rate_init': 0.01, 'solver': 'adam'}",7.287995664830582,relu,0.001,"(50, 50)",constant,0.01,adam
[ 1  2  3  4  5  6  7  8  9 10],[ 1  2  3  4  5  6  7  8  9 10],"{'activation': 'relu', 'alpha': 0.001, 'hidden_layer_sizes': (50, 50), 'learning_rate': 'adaptive', 'learning_rate_init': 0.01, 'solver': 'adam'}",7.287995664830582,relu,0.001,"(50, 50)",adaptive,0.01,adam
[ 1  2  3  4  5  6  7  8  9 10],[ 1  2  3  4  5  6  7  8  9 10],"{'activation': 'relu', 'alpha': 0.01, 'hidden_layer_sizes': (50, 50), 'learning_rate': 'constant', 'learning_rate_init': 0.01, 'solver': 'adam'}",7.3567674428610905,relu,0.01,"(50, 50)",constant,0.01,adam
[ 1  2  3  4  5  6  7  8  9 10],[ 1  2  3  4  5  6  7  8  9 10],"{'activation': 'relu', 'alpha': 0.01, 'hidden_layer_sizes': (50, 50), 'learning_rate': 'adaptive', 'learning_rate_init': 0.01, 'solver': 'adam'}",7.3567674428610905,relu,0.01,"(50, 50)",adaptive,0.01,adam
[ 1  2  3  4  5  6  7  8  9 10],[ 1  2  3  4  5  6  7  8  9 10],"{'activation': 'relu', 'alpha': 0.01, 'hidden_layer_sizes': (100, 50), 'learning_rate': 'adaptive', 'learning_rate_init': 0.01, 'solver': 'adam'}",8.671888850291586,relu,0.01,"(100, 50)",adaptive,0.01,adam
[ 1  2  3  4  5  6  7  8  9 10],[ 1  2  3  4  5  6  7  8  9 10],"{'activation': 'relu', 'alpha': 0.01, 'hidden_layer_sizes': (100, 50), 'learning_rate': 'constant', 'learning_rate_init': 0.01, 'solver': 'adam'}",8.671888850291586,relu,0.01,"(100, 50)",constant,0.01,adam
[ 1  2  3  4  5  6  7  8  9 10],[ 1  2  3  4  5  6  7  8  9 10],"{'activation': 'relu', 'alpha': 0.01, 'hidden_layer_sizes': (100, 50), 'learning_rate': 'constant', 'learning_rate_init': 0.001, 'solver': 'adam'}",9.032265850437113,relu,0.01,"(100, 50)",constant,0.001,adam
[ 1  2  3  4  5  6  7  8  9 10],[ 1  2  3  4  5  6  7  8  9 10],"{'activation': 'relu', 'alpha': 0.01, 'hidden_layer_sizes': (100, 50), 'learning_rate': 'adaptive', 'learning_rate_init': 0.001, 'solver': 'adam'}",9.032265850437113,relu,0.01,"(100, 50)",adaptive,0.001,adam
[ 1  2  3  4  5  6  7  8  9 10],[ 1  2  3  4  5  6  7  8  9 10],"{'activation': 'relu', 'alpha': 0.001, 'hidden_layer_sizes': (50, 50), 'learning_rate': 'constant', 'learning_rate_init': 0.001, 'solver': 'adam'}",9.111571823220263,relu,0.001,"(50, 50)",constant,0.001,adam
[ 1  2  3  4  5  6  7  8  9 10],[ 1  2  3  4  5  6  7  8  9 10],"{'activation': 'relu', 'alpha': 0.001, 'hidden_layer_sizes': (50, 50), 'learning_rate': 'adaptive', 'learning_rate_init': 0.001, 'solver': 'adam'}",9.111571823220263,relu,0.001,"(50, 50)",adaptive,0.001,adam
[ 1  2  3  4  5  6  7  8  9 10],[ 1  2  3  4  5  6  7  8  9 10],"{'activation': 'relu', 'alpha': 0.001, 'hidden_layer_sizes': (100, 50), 'learning_rate': 'adaptive', 'learning_rate_init': 0.001, 'solver': 'adam'}",9.31111222779044,relu,0.001,"(100, 50)",adaptive,0.001,adam
[ 1  2  3  4  5  6  7  8  9 10],[ 1  2  3  4  5  6  7  8  9 10],"{'activation': 'relu', 'alpha': 0.001, 'hidden_layer_sizes': (100, 50), 'learning_rate': 'constant', 'learning_rate_init': 0.001, 'solver': 'adam'}",9.31111222779044,relu,0.001,"(100, 50)",constant,0.001,adam
[ 1  2  3  4  5  6  7  8  9 10],[ 1  2  3  4  5  6  7  8  9 10],"{'activation': 'relu', 'alpha': 0.01, 'hidden_layer_sizes': (50, 50), 'learning_rate': 'constant', 'learning_rate_init': 0.001, 'solver': 'adam'}",9.338553484242395,relu,0.01,"(50, 50)",constant,0.001,adam
[ 1  2  3  4  5  6  7  8  9 10],[ 1  2  3  4  5  6  7  8  9 10],"{'activation': 'relu', 'alpha': 0.01, 'hidden_layer_sizes': (50, 50), 'learning_rate': 'adaptive', 'learning_rate_init': 0.001, 'solver': 'adam'}",9.338553484242395,relu,0.01,"(50, 50)",adaptive,0.001,adam
[ 1  2  3  4  5  6  7  8  9 10],[ 1  2  3  4  5  6  7  8  9 10],"{'activation': 'relu', 'alpha': 0.0001, 'hidden_layer_sizes': (50, 50), 'learning_rate': 'constant', 'learning_rate_init': 0.001, 'solver': 'adam'}",9.477860710647358,relu,0.0001,"(50, 50)",constant,0.001,adam
[ 1  2  3  4  5  6  7  8  9 10],[ 1  2  3  4  5  6  7  8  9 10],"{'activation': 'relu', 'alpha': 0.0001, 'hidden_layer_sizes': (50, 50), 'learning_rate': 'adaptive', 'learning_rate_init': 0.001, 'solver': 'adam'}",9.477860710647358,relu,0.0001,"(50, 50)",adaptive,0.001,adam
[ 1  2  3  4  5  6  7  8  9 10],[ 1  2  3  4  5  6  7  8  9 10],"{'activation': 'relu', 'alpha': 0.0001, 'hidden_layer_sizes': (100, 50), 'learning_rate': 'constant', 'learning_rate_init': 0.001, 'solver': 'adam'}",9.555533791091449,relu,0.0001,"(100, 50)",constant,0.001,adam
[ 1  2  3  4  5  6  7  8  9 10],[ 1  2  3  4  5  6  7  8  9 10],"{'activation': 'relu', 'alpha': 0.0001, 'hidden_layer_sizes': (100, 50), 'learning_rate': 'adaptive', 'learning_rate_init': 0.001, 'solver': 'adam'}",9.555533791091449,relu,0.0001,"(100, 50)",adaptive,0.001,adam
[ 1  2  3  4  5  6  7  8  9 10],[ 1  2  3  4  5  6  7  8  9 10],"{'activation': 'relu', 'alpha': 0.0001, 'hidden_layer_sizes': (100, 50), 'learning_rate': 'constant', 'learning_rate_init': 0.01, 'solver': 'adam'}",10.284073047655925,relu,0.0001,"(100, 50)",constant,0.01,adam
[ 1  2  3  4  5  6  7  8  9 10],[ 1  2  3  4  5  6  7  8  9 10],"{'activation': 'relu', 'alpha': 0.0001, 'hidden_layer_sizes': (100, 50), 'learning_rate': 'adaptive', 'learning_rate_init': 0.01, 'solver': 'adam'}",10.284073047655925,relu,0.0001,"(100, 50)",adaptive,0.01,adam
[ 1  2  3  4  5  6  7  8  9 10],[ 1  2  3  4  5  6  7  8  9 10],"{'activation': 'relu', 'alpha': 0.001, 'hidden_layer_sizes': (100, 50), 'learning_rate': 'constant', 'learning_rate_init': 0.01, 'solver': 'adam'}",10.324109496462023,relu,0.001,"(100, 50)",constant,0.01,adam
[ 1  2  3  4  5  6  7  8  9 10],[ 1  2  3  4  5  6  7  8  9 10],"{'activation': 'relu', 'alpha': 0.001, 'hidden_layer_sizes': (100, 50), 'learning_rate': 'adaptive', 'learning_rate_init': 0.01, 'solver': 'adam'}",10.324109496462023,relu,0.001,"(100, 50)",adaptive,0.01,adam
[ 1  2  3  4  5  6  7  8  9 10],[ 1  2  3  4  5  6  7  8  9 10],"{'activation': 'relu', 'alpha': 0.001, 'hidden_layer_sizes': (50,), 'learning_rate': 'constant', 'learning_rate_init': 0.01, 'solver': 'adam'}",10.887418673163518,relu,0.001,"(50,)",constant,0.01,adam
[ 1  2  3  4  5  6  7  8  9 10],[ 1  2  3  4  5  6  7  8  9 10],"{'activation': 'relu', 'alpha': 0.001, 'hidden_layer_sizes': (50,), 'learning_rate': 'adaptive', 'learning_rate_init': 0.01, 'solver': 'adam'}",10.887418673163518,relu,0.001,"(50,)",adaptive,0.01,adam
[ 1  2  3  4  5  6  7  8  9 10],[ 1  2  3  4  5  6  7  8  9 10],"{'activation': 'relu', 'alpha': 0.0001, 'hidden_layer_sizes': (100, 100), 'learning_rate': 'constant', 'learning_rate_init': 0.01, 'solver': 'adam'}",11.072851713368214,relu,0.0001,"(100, 100)",constant,0.01,adam
[ 1  2  3  4  5  6  7  8  9 10],[ 1  2  3  4  5  6  7  8  9 10],"{'activation': 'relu', 'alpha': 0.0001, 'hidden_layer_sizes': (100, 100), 'learning_rate': 'adaptive', 'learning_rate_init': 0.01, 'solver': 'adam'}",11.072851713368214,relu,0.0001,"(100, 100)",adaptive,0.01,adam
[ 1  2  3  4  5  6  7  8  9 10],[ 1  2  3  4  5  6  7  8  9 10],"{'activation': 'relu', 'alpha': 0.01, 'hidden_layer_sizes': (50,), 'learning_rate': 'constant', 'learning_rate_init': 0.01, 'solver': 'adam'}",11.267533949901624,relu,0.01,"(50,)",constant,0.01,adam
[ 1  2  3  4  5  6  7  8  9 10],[ 1  2  3  4  5  6  7  8  9 10],"{'activation': 'relu', 'alpha': 0.01, 'hidden_layer_sizes': (50,), 'learning_rate': 'adaptive', 'learning_rate_init': 0.01, 'solver': 'adam'}",11.267533949901624,relu,0.01,"(50,)",adaptive,0.01,adam
[ 1  2  3  4  5  6  7  8  9 10],[ 1  2  3  4  5  6  7  8  9 10],"{'activation': 'relu', 'alpha': 0.001, 'hidden_layer_sizes': (100, 100), 'learning_rate': 'adaptive', 'learning_rate_init': 0.01, 'solver': 'adam'}",11.632434060168482,relu,0.001,"(100, 100)",adaptive,0.01,adam
[ 1  2  3  4  5  6  7  8  9 10],[ 1  2  3  4  5  6  7  8  9 10],"{'activation': 'relu', 'alpha': 0.001, 'hidden_layer_sizes': (100, 100), 'learning_rate': 'constant', 'learning_rate_init': 0.01, 'solver': 'adam'}",11.632434060168482,relu,0.001,"(100, 100)",constant,0.01,adam
[ 1  2  3  4  5  6  7  8  9 10],[ 1  2  3  4  5  6  7  8  9 10],"{'activation': 'relu', 'alpha': 0.01, 'hidden_layer_sizes': (100, 100), 'learning_rate': 'constant', 'learning_rate_init': 0.01, 'solver': 'adam'}",11.915541180366764,relu,0.01,"(100, 100)",constant,0.01,adam
[ 1  2  3  4  5  6  7  8  9 10],[ 1  2  3  4  5  6  7  8  9 10],"{'activation': 'relu', 'alpha': 0.01, 'hidden_layer_sizes': (100, 100), 'learning_rate': 'adaptive', 'learning_rate_init': 0.01, 'solver': 'adam'}",11.915541180366764,relu,0.01,"(100, 100)",adaptive,0.01,adam
[ 1  2  3  4  5  6  7  8  9 10],[ 1  2  3  4  5  6  7  8  9 10],"{'activation': 'relu', 'alpha': 0.0001, 'hidden_layer_sizes': (50,), 'learning_rate': 'constant', 'learning_rate_init': 0.01, 'solver': 'adam'}",12.18057850230592,relu,0.0001,"(50,)",constant,0.01,adam
[ 1  2  3  4  5  6  7  8  9 10],[ 1  2  3  4  5  6  7  8  9 10],"{'activation': 'relu', 'alpha': 0.0001, 'hidden_layer_sizes': (50,), 'learning_rate': 'adaptive', 'learning_rate_init': 0.01, 'solver': 'adam'}",12.18057850230592,relu,0.0001,"(50,)",adaptive,0.01,adam
[ 1  2  3  4  5  6  7  8  9 10],[ 1  2  3  4  5  6  7  8  9 10],"{'activation': 'relu', 'alpha': 0.01, 'hidden_layer_sizes': (50,), 'learning_rate': 'constant', 'learning_rate_init': 0.001, 'solver': 'adam'}",12.477698925792064,relu,0.01,"(50,)",constant,0.001,adam
[ 1  2  3  4  5  6  7  8  9 10],[ 1  2  3  4  5  6  7  8  9 10],"{'activation': 'relu', 'alpha': 0.01, 'hidden_layer_sizes': (50,), 'learning_rate': 'adaptive', 'learning_rate_init': 0.001, 'solver': 'adam'}",12.477698925792064,relu,0.01,"(50,)",adaptive,0.001,adam
[ 1  2  3  4  5  6  7  8  9 10],[ 1  2  3  4  5  6  7  8  9 10],"{'activation': 'relu', 'alpha': 0.0001, 'hidden_layer_sizes': (50,), 'learning_rate': 'constant', 'learning_rate_init': 0.001, 'solver': 'adam'}",12.552613979474906,relu,0.0001,"(50,)",constant,0.001,adam
[ 1  2  3  4  5  6  7  8  9 10],[ 1  2  3  4  5  6  7  8  9 10],"{'activation': 'relu', 'alpha': 0.0001, 'hidden_layer_sizes': (50,), 'learning_rate': 'adaptive', 'learning_rate_init': 0.001, 'solver': 'adam'}",12.552613979474906,relu,0.0001,"(50,)",adaptive,0.001,adam
[ 1  2  3  4  5  6  7  8  9 10],[ 1  2  3  4  5  6  7  8  9 10],"{'activation': 'relu', 'alpha': 0.001, 'hidden_layer_sizes': (50,), 'learning_rate': 'constant', 'learning_rate_init': 0.001, 'solver': 'adam'}",12.646298233287128,relu,0.001,"(50,)",constant,0.001,adam
[ 1  2  3  4  5  6  7  8  9 10],[ 1  2  3  4  5  6  7  8  9 10],"{'activation': 'relu', 'alpha': 0.001, 'hidden_layer_sizes': (50,), 'learning_rate': 'adaptive', 'learning_rate_init': 0.001, 'solver': 'adam'}",12.646298233287128,relu,0.001,"(50,)",adaptive,0.001,adam
[ 1  2  3  4  5  6  7  8  9 10],[ 1  2  3  4  5  6  7  8  9 10],"{'activation': 'relu', 'alpha': 0.001, 'hidden_layer_sizes': (100,), 'learning_rate': 'constant', 'learning_rate_init': 0.001, 'solver': 'adam'}",16.06557375031886,relu,0.001,"(100,)",constant,0.001,adam
[ 1  2  3  4  5  6  7  8  9 10],[ 1  2  3  4  5  6  7  8  9 10],"{'activation': 'relu', 'alpha': 0.001, 'hidden_layer_sizes': (100,), 'learning_rate': 'adaptive', 'learning_rate_init': 0.001, 'solver': 'adam'}",16.06557375031886,relu,0.001,"(100,)",adaptive,0.001,adam
[ 1  2  3  4  5  6  7  8  9 10],[ 1  2  3  4  5  6  7  8  9 10],"{'activation': 'relu', 'alpha': 0.01, 'hidden_layer_sizes': (100,), 'learning_rate': 'adaptive', 'learning_rate_init': 0.001, 'solver': 'adam'}",16.29892301886854,relu,0.01,"(100,)",adaptive,0.001,adam
[ 1  2  3  4  5  6  7  8  9 10],[ 1  2  3  4  5  6  7  8  9 10],"{'activation': 'relu', 'alpha': 0.01, 'hidden_layer_sizes': (100,), 'learning_rate': 'constant', 'learning_rate_init': 0.001, 'solver': 'adam'}",16.29892301886854,relu,0.01,"(100,)",constant,0.001,adam
[ 1  2  3  4  5  6  7  8  9 10],[ 1  2  3  4  5  6  7  8  9 10],"{'activation': 'relu', 'alpha': 0.0001, 'hidden_layer_sizes': (100,), 'learning_rate': 'adaptive', 'learning_rate_init': 0.001, 'solver': 'adam'}",16.90483740589309,relu,0.0001,"(100,)",adaptive,0.001,adam
[ 1  2  3  4  5  6  7  8  9 10],[ 1  2  3  4  5  6  7  8  9 10],"{'activation': 'relu', 'alpha': 0.0001, 'hidden_layer_sizes': (100,), 'learning_rate': 'constant', 'learning_rate_init': 0.001, 'solver': 'adam'}",16.90483740589309,relu,0.0001,"(100,)",constant,0.001,adam
[ 1  2  3  4  5  6  7  8  9 10],[ 1  2  3  4  5  6  7  8  9 10],"{'activation': 'relu', 'alpha': 0.01, 'hidden_layer_sizes': (100, 100), 'learning_rate': 'adaptive', 'learning_rate_init': 0.001, 'solver': 'adam'}",17.83788148312239,relu,0.01,"(100, 100)",adaptive,0.001,adam
[ 1  2  3  4  5  6  7  8  9 10],[ 1  2  3  4  5  6  7  8  9 10],"{'activation': 'relu', 'alpha': 0.01, 'hidden_layer_sizes': (100, 100), 'learning_rate': 'constant', 'learning_rate_init': 0.001, 'solver': 'adam'}",17.83788148312239,relu,0.01,"(100, 100)",constant,0.001,adam
[ 1  2  3  4  5  6  7  8  9 10],[ 1  2  3  4  5  6  7  8  9 10],"{'activation': 'relu', 'alpha': 0.0001, 'hidden_layer_sizes': (100,), 'learning_rate': 'adaptive', 'learning_rate_init': 0.01, 'solver': 'adam'}",17.988322038933035,relu,0.0001,"(100,)",adaptive,0.01,adam
[ 1  2  3  4  5  6  7  8  9 10],[ 1  2  3  4  5  6  7  8  9 10],"{'activation': 'relu', 'alpha': 0.0001, 'hidden_layer_sizes': (100,), 'learning_rate': 'constant', 'learning_rate_init': 0.01, 'solver': 'adam'}",17.988322038933035,relu,0.0001,"(100,)",constant,0.01,adam
[ 1  2  3  4  5  6  7  8  9 10],[ 1  2  3  4  5  6  7  8  9 10],"{'activation': 'relu', 'alpha': 0.0001, 'hidden_layer_sizes': (100, 100), 'learning_rate': 'adaptive', 'learning_rate_init': 0.001, 'solver': 'adam'}",18.27941672836087,relu,0.0001,"(100, 100)",adaptive,0.001,adam
[ 1  2  3  4  5  6  7  8  9 10],[ 1  2  3  4  5  6  7  8  9 10],"{'activation': 'relu', 'alpha': 0.0001, 'hidden_layer_sizes': (100, 100), 'learning_rate': 'constant', 'learning_rate_init': 0.001, 'solver': 'adam'}",18.27941672836087,relu,0.0001,"(100, 100)",constant,0.001,adam
[ 1  2  3  4  5  6  7  8  9 10],[ 1  2  3  4  5  6  7  8  9 10],"{'activation': 'relu', 'alpha': 0.001, 'hidden_layer_sizes': (100, 100), 'learning_rate': 'constant', 'learning_rate_init': 0.001, 'solver': 'adam'}",18.740563733870687,relu,0.001,"(100, 100)",constant,0.001,adam
[ 1  2  3  4  5  6  7  8  9 10],[ 1  2  3  4  5  6  7  8  9 10],"{'activation': 'relu', 'alpha': 0.001, 'hidden_layer_sizes': (100, 100), 'learning_rate': 'adaptive', 'learning_rate_init': 0.001, 'solver': 'adam'}",18.740563733870687,relu,0.001,"(100, 100)",adaptive,0.001,adam
[ 1  2  3  4  5  6  7  8  9 10],[ 1  2  3  4  5  6  7  8  9 10],"{'activation': 'relu', 'alpha': 0.001, 'hidden_layer_sizes': (100,), 'learning_rate': 'adaptive', 'learning_rate_init': 0.01, 'solver': 'adam'}",18.80743863350511,relu,0.001,"(100,)",adaptive,0.01,adam
[ 1  2  3  4  5  6  7  8  9 10],[ 1  2  3  4  5  6  7  8  9 10],"{'activation': 'relu', 'alpha': 0.001, 'hidden_layer_sizes': (100,), 'learning_rate': 'constant', 'learning_rate_init': 0.01, 'solver': 'adam'}",18.80743863350511,relu,0.001,"(100,)",constant,0.01,adam
[ 1  2  3  4  5  6  7  8  9 10],[ 1  2  3  4  5  6  7  8  9 10],"{'activation': 'relu', 'alpha': 0.01, 'hidden_layer_sizes': (100,), 'learning_rate': 'adaptive', 'learning_rate_init': 0.01, 'solver': 'adam'}",20.181881342031655,relu,0.01,"(100,)",adaptive,0.01,adam
[ 1  2  3  4  5  6  7  8  9 10],[ 1  2  3  4  5  6  7  8  9 10],"{'activation': 'relu', 'alpha': 0.01, 'hidden_layer_sizes': (100,), 'learning_rate': 'constant', 'learning_rate_init': 0.01, 'solver': 'adam'}",20.181881342031655,relu,0.01,"(100,)",constant,0.01,adam
